{
	"__comment": "Designed by Gasplund with Cubik Studio - https://cubik.studio",
	"textures": {
		"stick": "items/stick"
	},
	"elements": [
		{
			"__comment": "Cube119",
			"from": [ 13, 11, 7 ],
			"to": [ 14, 14, 8 ],
			"faces": {
				"down": { "uv": [ 5, 14, 4, 13 ], "texture": "#stick", "rotation": 90 },
				"up": { "uv": [ 3, 14, 2, 13 ], "texture": "#stick", "rotation": 90 },
				"north": { "uv": [ 5, 14, 2, 13 ], "texture": "#stick", "rotation": 270 },
				"south": { "uv": [ 2, 14, 5, 13 ], "texture": "#stick", "rotation": 90 },
				"west": { "uv": [ 2, 14, 5, 13 ], "texture": "#stick", "rotation": 90 },
				"east": { "uv": [ 5, 14, 2, 13 ], "texture": "#stick", "rotation": 270 }
			}
		},
		{
			"__comment": "Cube120",
			"from": [ 14, 12, 7 ],
			"to": [ 15, 14, 8 ],
			"faces": {
				"down": { "uv": [ 4, 15, 3, 14 ], "texture": "#stick", "rotation": 90 },
				"up": { "uv": [ 3, 15, 2, 14 ], "texture": "#stick", "rotation": 90 },
				"north": { "uv": [ 4, 15, 2, 14 ], "texture": "#stick", "rotation": 270 },
				"south": { "uv": [ 2, 15, 4, 14 ], "texture": "#stick", "rotation": 90 },
				"west": { "uv": [ 2, 15, 4, 14 ], "texture": "#stick", "rotation": 90 },
				"east": { "uv": [ 4, 15, 2, 14 ], "texture": "#stick", "rotation": 270 }
			}
		},
		{
			"__comment": "Cube121",
			"from": [ 12, 10, 7 ],
			"to": [ 13, 13, 8 ],
			"faces": {
				"down": { "uv": [ 6, 13, 5, 12 ], "texture": "#stick", "rotation": 90 },
				"up": { "uv": [ 4, 13, 3, 12 ], "texture": "#stick", "rotation": 90 },
				"north": { "uv": [ 6, 13, 3, 12 ], "texture": "#stick", "rotation": 270 },
				"south": { "uv": [ 3, 13, 6, 12 ], "texture": "#stick", "rotation": 90 },
				"west": { "uv": [ 3, 13, 6, 12 ], "texture": "#stick", "rotation": 90 },
				"east": { "uv": [ 6, 13, 3, 12 ], "texture": "#stick", "rotation": 270 }
			}
		},
		{
			"__comment": "Cube122",
			"from": [ 11, 9, 7 ],
			"to": [ 12, 12, 8 ],
			"faces": {
				"down": { "uv": [ 7, 12, 6, 11 ], "texture": "#stick", "rotation": 90 },
				"up": { "uv": [ 5, 12, 4, 11 ], "texture": "#stick", "rotation": 90 },
				"north": { "uv": [ 7, 12, 4, 11 ], "texture": "#stick", "rotation": 270 },
				"south": { "uv": [ 4, 12, 7, 11 ], "texture": "#stick", "rotation": 90 },
				"west": { "uv": [ 4, 12, 7, 11 ], "texture": "#stick", "rotation": 90 },
				"east": { "uv": [ 7, 12, 4, 11 ], "texture": "#stick", "rotation": 270 }
			}
		},
		{
			"__comment": "Cube123",
			"from": [ 10, 8, 7 ],
			"to": [ 11, 11, 8 ],
			"faces": {
				"down": { "uv": [ 8, 11, 7, 10 ], "texture": "#stick", "rotation": 90 },
				"up": { "uv": [ 6, 11, 5, 10 ], "texture": "#stick", "rotation": 90 },
				"north": { "uv": [ 8, 11, 5, 10 ], "texture": "#stick", "rotation": 270 },
				"south": { "uv": [ 5, 11, 8, 10 ], "texture": "#stick", "rotation": 90 },
				"west": { "uv": [ 5, 11, 8, 10 ], "texture": "#stick", "rotation": 90 },
				"east": { "uv": [ 8, 11, 5, 10 ], "texture": "#stick", "rotation": 270 }
			}
		},
		{
			"__comment": "Cube124",
			"from": [ 9, 7, 7 ],
			"to": [ 10, 10, 8 ],
			"faces": {
				"down": { "uv": [ 9, 10, 8, 9 ], "texture": "#stick", "rotation": 90 },
				"up": { "uv": [ 7, 10, 6, 9 ], "texture": "#stick", "rotation": 90 },
				"north": { "uv": [ 9, 10, 6, 9 ], "texture": "#stick", "rotation": 270 },
				"south": { "uv": [ 6, 10, 9, 9 ], "texture": "#stick", "rotation": 90 },
				"west": { "uv": [ 6, 10, 9, 9 ], "texture": "#stick", "rotation": 90 },
				"east": { "uv": [ 9, 10, 6, 9 ], "texture": "#stick", "rotation": 270 }
			}
		},
		{
			"__comment": "Cube125",
			"from": [ 8, 6, 7 ],
			"to": [ 9, 9, 8 ],
			"faces": {
				"down": { "uv": [ 10, 9, 9, 8 ], "texture": "#stick", "rotation": 90 },
				"up": { "uv": [ 8, 9, 7, 8 ], "texture": "#stick", "rotation": 90 },
				"north": { "uv": [ 10, 9, 7, 8 ], "texture": "#stick", "rotation": 270 },
				"south": { "uv": [ 7, 9, 10, 8 ], "texture": "#stick", "rotation": 90 },
				"west": { "uv": [ 7, 9, 10, 8 ], "texture": "#stick", "rotation": 90 },
				"east": { "uv": [ 10, 9, 7, 8 ], "texture": "#stick", "rotation": 270 }
			}
		},
		{
			"__comment": "Cube126",
			"from": [ 7, 5, 7 ],
			"to": [ 8, 8, 8 ],
			"faces": {
				"down": { "uv": [ 11, 8, 10, 7 ], "texture": "#stick", "rotation": 90 },
				"up": { "uv": [ 9, 8, 8, 7 ], "texture": "#stick", "rotation": 90 },
				"north": { "uv": [ 11, 8, 8, 7 ], "texture": "#stick", "rotation": 270 },
				"south": { "uv": [ 8, 8, 11, 7 ], "texture": "#stick", "rotation": 90 },
				"west": { "uv": [ 8, 8, 11, 7 ], "texture": "#stick", "rotation": 90 },
				"east": { "uv": [ 11, 8, 8, 7 ], "texture": "#stick", "rotation": 270 }
			}
		},
		{
			"__comment": "Cube127",
			"from": [ 6, 4, 7 ],
			"to": [ 7, 7, 8 ],
			"faces": {
				"down": { "uv": [ 12, 7, 11, 6 ], "texture": "#stick", "rotation": 90 },
				"up": { "uv": [ 10, 7, 9, 6 ], "texture": "#stick", "rotation": 90 },
				"north": { "uv": [ 12, 7, 9, 6 ], "texture": "#stick", "rotation": 270 },
				"south": { "uv": [ 9, 7, 12, 6 ], "texture": "#stick", "rotation": 90 },
				"west": { "uv": [ 9, 7, 12, 6 ], "texture": "#stick", "rotation": 90 },
				"east": { "uv": [ 12, 7, 9, 6 ], "texture": "#stick", "rotation": 270 }
			}
		},
		{
			"__comment": "Cube128",
			"from": [ 5, 3, 7 ],
			"to": [ 6, 6, 8 ],
			"faces": {
				"down": { "uv": [ 13, 6, 12, 5 ], "texture": "#stick", "rotation": 90 },
				"up": { "uv": [ 11, 6, 10, 5 ], "texture": "#stick", "rotation": 90 },
				"north": { "uv": [ 13, 6, 10, 5 ], "texture": "#stick", "rotation": 270 },
				"south": { "uv": [ 10, 6, 13, 5 ], "texture": "#stick", "rotation": 90 },
				"west": { "uv": [ 10, 6, 13, 5 ], "texture": "#stick", "rotation": 90 },
				"east": { "uv": [ 13, 6, 10, 5 ], "texture": "#stick", "rotation": 270 }
			}
		},
		{
			"__comment": "Cube129",
			"from": [ 4, 2, 7 ],
			"to": [ 5, 5, 8 ],
			"faces": {
				"down": { "uv": [ 14, 5, 13, 4 ], "texture": "#stick", "rotation": 90 },
				"up": { "uv": [ 12, 5, 11, 4 ], "texture": "#stick", "rotation": 90 },
				"north": { "uv": [ 14, 5, 11, 4 ], "texture": "#stick", "rotation": 270 },
				"south": { "uv": [ 11, 5, 14, 4 ], "texture": "#stick", "rotation": 90 },
				"west": { "uv": [ 11, 5, 14, 4 ], "texture": "#stick", "rotation": 90 },
				"east": { "uv": [ 14, 5, 11, 4 ], "texture": "#stick", "rotation": 270 }
			}
		},
		{
			"__comment": "Cube130",
			"from": [ 3, 1, 7 ],
			"to": [ 4, 4, 8 ],
			"faces": {
				"down": { "uv": [ 15, 4, 14, 3 ], "texture": "#stick", "rotation": 90 },
				"up": { "uv": [ 13, 4, 12, 3 ], "texture": "#stick", "rotation": 90 },
				"north": { "uv": [ 15, 4, 12, 3 ], "texture": "#stick", "rotation": 270 },
				"south": { "uv": [ 12, 4, 15, 3 ], "texture": "#stick", "rotation": 90 },
				"west": { "uv": [ 12, 4, 15, 3 ], "texture": "#stick", "rotation": 90 },
				"east": { "uv": [ 15, 4, 12, 3 ], "texture": "#stick", "rotation": 270 }
			}
		},
		{
			"__comment": "Cube131",
			"from": [ 2, 1, 7 ],
			"to": [ 3, 3, 8 ],
			"faces": {
				"down": { "uv": [ 15, 3, 14, 2 ], "texture": "#stick", "rotation": 90 },
				"up": { "uv": [ 14, 3, 13, 2 ], "texture": "#stick", "rotation": 90 },
				"north": { "uv": [ 15, 3, 13, 2 ], "texture": "#stick", "rotation": 270 },
				"south": { "uv": [ 13, 3, 15, 2 ], "texture": "#stick", "rotation": 90 },
				"west": { "uv": [ 13, 3, 15, 2 ], "texture": "#stick", "rotation": 90 },
				"east": { "uv": [ 15, 3, 13, 2 ], "texture": "#stick", "rotation": 270 }
			}
		}
	],
	"display": {
		"thirdperson_righthand": {
			"rotation":  [ -180, -90, 55 ],
			"translation":  [ 0, 4, 0.195 ],
			"scale":  [ 0.85, 0.85, 0.85 ]
		},
		"thirdperson_lefthand": {
			"rotation":  [ 90, -90, 55 ],
			"translation":  [ 0, 4, 0.1956 ],
			"scale":  [ 0.85, 0.85, 0.85 ]
		},
		"firstperson_righthand": {
			"rotation":  [ 0, -90, 25 ],
			"translation":  [ 1.13, 3.2, 1.13 ],
			"scale":  [ 0.68, 0.68, 0.68 ]
		},
		"firstperson_lefthand": {
			"rotation":  [ 0, 90, -25 ],
			"translation":  [ 1.13, 3.2, 1.13 ],
			"scale":  [ 0.68, 0.68, 0.68 ]
		},
		"ground": {
			"translation":  [ 0, 2, 0 ],
			"scale":  [ 0.5, 0.5, 0.5 ]
		}
	}
}