{
"__comment": "Designed by MasterianoX",
"textures": {
    "particle": "wynn/pan",
    "texture": "wynn/pan"
},
"elements": [ 
{
    "__comment": "2 x16",
    "from": [ 1.5, 0.5, 5.5 ],
    "to": [ 2.5, 1.5, 10.5 ],
    "faces": {
        "down":  { "uv": [ 1, 3, 1.5, 5.5 ], "texture": "#texture" },
        "up":    { "uv": [ 1, 3, 1.5, 5.5 ], "texture": "#texture" },
        "north": { "uv": [ 1, 3, 1.5, 3.5 ], "texture": "#texture" },
        "south": { "uv": [ 1, 3, 1.5, 3.5 ], "texture": "#texture" },
        "west":  { "uv": [ 1, 3, 1.5, 5.5 ], "texture": "#texture" },
        "east":  { "uv": [ 1, 3, 1.5, 5.5 ], "texture": "#texture" }
    }
},
{
    "__comment": "2 x16",
    "from": [ 2.5, 0.5, 3.5 ],
    "to": [ 3.5, 1.5, 5.5 ],
    "faces": {
        "down":  { "uv": [ 1.5, 2, 2, 3 ], "texture": "#texture" },
        "up":    { "uv": [ 1.5, 2, 2, 3 ], "texture": "#texture" },
        "north": { "uv": [ 1.5, 2, 2, 2.5 ], "texture": "#texture" },
        "south": { "uv": [ 1.5, 2.5, 2, 3 ], "texture": "#texture" },
        "west":  { "uv": [ 1.5, 2, 2, 3 ], "texture": "#texture" },
        "east":  { "uv": [ 1.5, 2, 2, 3 ], "texture": "#texture" }
    }
},
{
    "__comment": "2 x16",
    "from": [ 2.5, 0.5, 10.5 ],
    "to": [ 3.5, 1.5, 12.5 ],
    "faces": {
        "down":  { "uv": [ 1.5, 5.5, 2, 6.5 ], "texture": "#texture" },
        "up":    { "uv": [ 1.5, 5.5, 2, 6.5 ], "texture": "#texture" },
        "north": { "uv": [ 1.5, 5.5, 2, 6.5 ], "texture": "#texture" },
        "south": { "uv": [ 1.5, 5.5, 2, 6.5 ], "texture": "#texture" },
        "west":  { "uv": [ 1.5, 5.5, 2, 6.5 ], "texture": "#texture" },
        "east":  { "uv": [ 1.5, 5.5, 2, 6.5 ], "texture": "#texture" }
    }
},
{
    "__comment": "2 x16",
    "from": [ 3.5, 0.5, 2.5 ],
    "to": [ 5.5, 1.5, 3.5 ],
    "faces": {
        "down":  { "uv": [ 2, 1.5, 3, 2 ], "texture": "#texture" },
        "up":    { "uv": [ 2, 1.5, 3, 2 ], "texture": "#texture" },
        "north": { "uv": [ 2, 1.5, 3, 2 ], "texture": "#texture" },
        "south": { "uv": [ 2, 1.5, 3, 2 ], "texture": "#texture" },
        "west":  { "uv": [ 2, 1.5, 2.5, 2 ], "texture": "#texture" },
        "east":  { "uv": [ 2.5, 1.5, 3, 2 ], "texture": "#texture" }
    }
},
{
    "__comment": "2 x16",
    "from": [ 3.5, 0.5, 12.5 ],
    "to": [ 5.5, 1.5, 13.5 ],
    "faces": {
        "down":  { "uv": [ 2, 6.5, 3, 7 ], "texture": "#texture" },
        "up":    { "uv": [ 2, 6.5, 3, 7 ], "texture": "#texture" },
        "north": { "uv": [ 2, 6.5, 3, 7 ], "texture": "#texture" },
        "south": { "uv": [ 2, 6.5, 3, 7 ], "texture": "#texture" },
        "west":  { "uv": [ 2, 6.5, 3, 7 ], "texture": "#texture" },
        "east":  { "uv": [ 2, 6.5, 3, 7 ], "texture": "#texture" }
    }
},
{
    "__comment": "2 x16",
    "from": [ 5.5, 0.5, 1.5 ],
    "to": [ 10.5, 1.5, 2.5 ],
    "faces": {
        "down":  { "uv": [ 3, 1, 5.5, 1.5 ], "texture": "#texture" },
        "up":    { "uv": [ 3, 1, 5.5, 1.5 ], "texture": "#texture" },
        "north": { "uv": [ 3, 1, 5.5, 1.5 ], "texture": "#texture" },
        "south": { "uv": [ 3, 1, 5.5, 1.5 ], "texture": "#texture" },
        "west":  { "uv": [ 3, 1, 3.5, 1.5 ], "rotation": 270, "texture": "#texture" },
        "east":  { "uv": [ 5, 1, 5.5, 1.5 ], "rotation": 90, "texture": "#texture" }
    }
},
{
    "__comment": "2 x16",
    "from": [ 5.5, 0.5, 13.5 ],
    "to": [ 10.5, 1.5, 14.5 ],
    "faces": {
        "down":  { "uv": [ 3, 7, 5.5, 7.5 ], "texture": "#texture" },
        "up":    { "uv": [ 3, 7, 5.5, 7.5 ], "texture": "#texture" },
        "north": { "uv": [ 3, 7, 5.5, 7.5 ], "texture": "#texture" },
        "south": { "uv": [ 3, 7, 5.5, 7.5 ], "texture": "#texture" },
        "west":  { "uv": [ 3, 7, 3.5, 7.5 ], "texture": "#texture" },
        "east":  { "uv": [ 5, 7, 5.5, 7.5 ], "texture": "#texture" }
    }
},
{
    "__comment": "2 x16",
    "from": [ 10.5, 0.5, 2.5 ],
    "to": [ 12.5, 1.5, 3.5 ],
    "faces": {
        "down":  { "uv": [ 5.5, 1.5, 6.5, 2 ], "texture": "#texture" },
        "up":    { "uv": [ 5.5, 1.5, 6.5, 2 ], "texture": "#texture" },
        "north": { "uv": [ 5.5, 1.5, 6.5, 2 ], "texture": "#texture" },
        "south": { "uv": [ 5.5, 1.5, 6.5, 2 ], "texture": "#texture" },
        "west":  { "uv": [ 5.5, 1.5, 6, 2 ], "rotation": 270, "texture": "#texture" },
        "east":  { "uv": [ 6, 1.5, 6.5, 2 ], "rotation": 90, "texture": "#texture" }
    }
},
{
    "__comment": "2 x16",
    "from": [ 10.5, 0.5, 12.5 ],
    "to": [ 12.5, 1.5, 13.5 ],
    "faces": {
        "down":  { "uv": [ 5.5, 6.5, 6.5, 7 ], "texture": "#texture" },
        "up":    { "uv": [ 5.5, 6.5, 6.5, 7 ], "texture": "#texture" },
        "north": { "uv": [ 5.5, 6.5, 6.5, 7 ], "texture": "#texture" },
        "south": { "uv": [ 5.5, 6.5, 6.5, 7 ], "texture": "#texture" },
        "west":  { "uv": [ 5.5, 6.5, 6.5, 7 ], "texture": "#texture" },
        "east":  { "uv": [ 5.5, 6.5, 6.5, 7 ], "texture": "#texture" }
    }
},
{
    "__comment": "2 x16",
    "from": [ 12.5, 0.5, 3.5 ],
    "to": [ 13.5, 1.5, 5.5 ],
    "faces": {
        "down":  { "uv": [ 6.5, 2, 7, 3 ], "texture": "#texture" },
        "up":    { "uv": [ 6.5, 2, 7, 3 ], "texture": "#texture" },
        "north": { "uv": [ 6.5, 2, 7, 3 ], "texture": "#texture" },
        "south": { "uv": [ 6.5, 2, 7, 3 ], "texture": "#texture" },
        "west":  { "uv": [ 6.5, 2, 7, 3 ], "rotation": 270, "texture": "#texture" },
        "east":  { "uv": [ 6.5, 2, 7, 3 ], "rotation": 90, "texture": "#texture" }
    }
},
{
    "__comment": "2 x16",
    "from": [ 12.5, 0.5, 10.5 ],
    "to": [ 13.5, 1.5, 12.5 ],
    "faces": {
        "down":  { "uv": [ 6.5, 5.5, 7, 6.5 ], "texture": "#texture" },
        "up":    { "uv": [ 6.5, 5.5, 7, 6.5 ], "texture": "#texture" },
        "north": { "uv": [ 6.5, 5.5, 7, 6.5 ], "texture": "#texture" },
        "south": { "uv": [ 6.5, 5.5, 7, 6.5 ], "texture": "#texture" },
        "west":  { "uv": [ 6.5, 5.5, 7, 6.5 ], "texture": "#texture" },
        "east":  { "uv": [ 6.5, 5.5, 7, 6.5 ], "texture": "#texture" }
    }
},
{
    "__comment": "2 x16",
    "from": [ 13.5, 0.5, 5.5 ],
    "to": [ 14.5, 1.5, 10.5 ],
    "faces": {
        "down":  { "uv": [ 7, 3, 7.5, 5.5 ], "texture": "#texture" },
        "up":    { "uv": [ 7, 3, 7.5, 5.5 ], "texture": "#texture" },
        "north": { "uv": [ 7, 3, 7.5, 3.5 ], "texture": "#texture" },
        "south": { "uv": [ 7, 5, 7.5, 5.5 ], "texture": "#texture" },
        "west":  { "uv": [ 7, 3, 7.5, 5.5 ], "texture": "#texture" },
        "east":  { "uv": [ 7, 3, 7.5, 5.5 ], "texture": "#texture" }
    }
},
{
    "from": [ 5.5, 1.5, 0.5 ],
    "to": [ 10.5, 2.5, 1.5 ],
    "faces": {
        "down":  { "uv": [ 3, 0.5, 5.5, 1 ], "rotation": 270, "texture": "#texture" },
        "up":    { "uv": [ 3, 0.5, 5.5, 1 ], "rotation": 90, "texture": "#texture" },
        "north": { "uv": [ 3, 0.5, 5.5, 1 ], "rotation": 270, "texture": "#texture" },
        "south": { "uv": [ 3, 0.5, 5.5, 1 ], "rotation": 90, "texture": "#texture" },
        "west":  { "uv": [ 3, 0.5, 3.5, 1 ], "texture": "#texture" },
        "east":  { "uv": [ 5, 0.5, 5.5, 1 ], "texture": "#texture" }
    }
},
{
    "from": [ 10.5, 1.5, 1.5 ],
    "to": [ 12.5, 2.5, 2.5 ],
    "faces": {
        "down":  { "uv": [ 5.5, 1, 6.5, 1.5 ], "texture": "#texture" },
        "up":    { "uv": [ 5.5, 1, 6.5, 1.5 ], "texture": "#texture" },
        "north": { "uv": [ 5.5, 1, 6.5, 1.5 ], "texture": "#texture" },
        "south": { "uv": [ 5.5, 1, 6.5, 1.5 ], "texture": "#texture" },
        "west":  { "uv": [ 5.5, 1, 6, 1.5 ], "texture": "#texture" },
        "east":  { "uv": [ 6, 1, 6.5, 1.5 ], "texture": "#texture" }
    }
},
{
    "from": [ 3.5, 1.5, 1.5 ],
    "to": [ 5.5, 2.5, 2.5 ],
    "faces": {
        "down":  { "uv": [ 2, 1, 3, 1.5 ], "texture": "#texture" },
        "up":    { "uv": [ 2, 1, 3, 1.5 ], "texture": "#texture" },
        "north": { "uv": [ 2, 1, 3, 1.5 ], "texture": "#texture" },
        "south": { "uv": [ 2, 1, 3, 1.5 ], "texture": "#texture" },
        "west":  { "uv": [ 2, 1, 2.5, 1.5 ], "texture": "#texture" },
        "east":  { "uv": [ 2.5, 1, 3, 1.5 ], "texture": "#texture" }
    }
},
{
    "from": [ 12.5, 1.5, 2.5 ],
    "to": [ 13.5, 2.5, 3.5 ],
    "faces": {
        "down":  { "uv": [ 6.5, 1.5, 7, 2 ], "texture": "#texture" },
        "up":    { "uv": [ 6.5, 1.5, 7, 2 ], "texture": "#texture" },
        "north": { "uv": [ 6.5, 1.5, 7, 2 ], "texture": "#texture" },
        "south": { "uv": [ 6.5, 1.5, 7, 2 ], "texture": "#texture" },
        "west":  { "uv": [ 6.5, 1.5, 7, 2 ], "texture": "#texture" },
        "east":  { "uv": [ 6.5, 1.5, 7, 2 ], "texture": "#texture" }
    }
},
{
    "from": [ 2.5, 1.5, 2.5 ],
    "to": [ 3.5, 2.5, 3.5 ],
    "faces": {
        "down":  { "uv": [ 1.5, 1.5, 2, 2 ], "rotation": 270, "texture": "#texture" },
        "up":    { "uv": [ 1.5, 1.5, 2, 2 ], "rotation": 90, "texture": "#texture" },
        "north": { "uv": [ 1.5, 1.5, 2, 2 ], "rotation": 270, "texture": "#texture" },
        "south": { "uv": [ 1.5, 1.5, 2, 2 ], "rotation": 90, "texture": "#texture" },
        "west":  { "uv": [ 1.5, 1.5, 2, 2 ], "texture": "#texture" },
        "east":  { "uv": [ 1.5, 1.5, 2, 2 ], "texture": "#texture" }
    }
},
{
    "from": [ 13.5, 1.5, 3.5 ],
    "to": [ 14.5, 2.5, 5.5 ],
    "faces": {
        "down":  { "uv": [ 7, 2, 7.5, 3 ], "texture": "#texture" },
        "up":    { "uv": [ 7, 2, 7.5, 3 ], "texture": "#texture" },
        "north": { "uv": [ 7, 2, 7.5, 2.5 ], "texture": "#texture" },
        "south": { "uv": [ 7, 2.5, 7.5, 3 ], "texture": "#texture" },
        "west":  { "uv": [ 7, 2, 7.5, 3 ], "rotation": 90, "texture": "#texture" },
        "east":  { "uv": [ 7, 2, 7.5, 3 ], "rotation": 90, "texture": "#texture" }
    }
},
{
    "from": [ 1.5, 1.5, 3.5 ],
    "to": [ 2.5, 2.5, 5.5 ],
    "faces": {
        "down":  { "uv": [ 1, 2, 1.5, 3 ], "texture": "#texture" },
        "up":    { "uv": [ 1, 2, 1.5, 3 ], "texture": "#texture" },
        "north": { "uv": [ 1, 2, 1.5, 2.5 ], "texture": "#texture" },
        "south": { "uv": [ 1, 2.5, 1.5, 3 ], "texture": "#texture" },
        "west":  { "uv": [ 1, 2, 1.5, 3 ], "rotation": 90, "texture": "#texture" },
        "east":  { "uv": [ 1, 2, 1.5, 3 ], "rotation": 90, "texture": "#texture" }
    }
},
{
    "from": [ 14.5, 1.5, 5.5 ],
    "to": [ 15.5, 2.5, 10.5 ],
    "faces": {
        "down":  { "uv": [ 7.5, 3, 8, 5.5 ], "texture": "#texture" },
        "up":    { "uv": [ 7.5, 3, 8, 5.5 ], "rotation": 180, "texture": "#texture" },
        "north": { "uv": [ 7.5, 3, 8, 3.5 ], "texture": "#texture" },
        "south": { "uv": [ 7.5, 5, 8, 5.5 ], "texture": "#texture" },
        "west":  { "uv": [ 7.5, 3, 8, 5.5 ], "rotation": 90, "texture": "#texture" },
        "east":  { "uv": [ 7.5, 3, 8, 5.5 ], "rotation": 90, "texture": "#texture" }
    }
},
{
    "from": [ 0.5, 1.5, 5.5 ],
    "to": [ 1.5, 2.5, 10.5 ],
    "faces": {
        "down":  { "uv": [ 0.5, 3, 1, 5.5 ], "texture": "#texture" },
        "up":    { "uv": [ 0.5, 3, 1, 5.5 ], "texture": "#texture" },
        "north": { "uv": [ 0.5, 3, 1, 3.5 ], "texture": "#texture" },
        "south": { "uv": [ 0.5, 5, 1, 5.5 ], "texture": "#texture" },
        "west":  { "uv": [ 0.5, 3, 1, 5.5 ], "rotation": 90, "texture": "#texture" },
        "east":  { "uv": [ 0.5, 3, 1, 5.5 ], "texture": "#texture" }
    }
},
{
    "from": [ 13.5, 1.5, 10.5 ],
    "to": [ 14.5, 2.5, 12.5 ],
    "faces": {
        "down":  { "uv": [ 7, 5.5, 7.5, 6.5 ], "texture": "#texture" },
        "up":    { "uv": [ 7, 5.5, 7.5, 6.5 ], "texture": "#texture" },
        "north": { "uv": [ 7, 5.5, 7.5, 6.5 ], "texture": "#texture" },
        "south": { "uv": [ 7, 5.5, 7.5, 6.5 ], "texture": "#texture" },
        "west":  { "uv": [ 7, 5.5, 7.5, 6.5 ], "texture": "#texture" },
        "east":  { "uv": [ 7, 5.5, 7.5, 6.5 ], "texture": "#texture" }
    }
},
{
    "from": [ 1.5, 1.5, 10.5 ],
    "to": [ 2.5, 2.5, 12.5 ],
    "faces": {
        "down":  { "uv": [ 1, 5.5, 1.5, 6.5 ], "texture": "#texture" },
        "up":    { "uv": [ 1, 5.5, 1.5, 6.5 ], "texture": "#texture" },
        "north": { "uv": [ 1, 5.5, 1.5, 6.5 ], "texture": "#texture" },
        "south": { "uv": [ 1, 5.5, 1.5, 6.5 ], "texture": "#texture" },
        "west":  { "uv": [ 1, 5.5, 1.5, 6.5 ], "texture": "#texture" },
        "east":  { "uv": [ 1, 5.5, 1.5, 6.5 ], "texture": "#texture" }
    }
},
{
    "from": [ 12.5, 1.5, 12.5 ],
    "to": [ 13.5, 2.5, 13.5 ],
    "faces": {
        "down":  { "uv": [ 6.5, 6.5, 7, 7 ], "rotation": 270, "texture": "#texture" },
        "up":    { "uv": [ 6.5, 6.5, 7, 7 ], "rotation": 90, "texture": "#texture" },
        "north": { "uv": [ 6.5, 6.5, 7, 7 ], "rotation": 270, "texture": "#texture" },
        "south": { "uv": [ 6.5, 6.5, 7, 7 ], "rotation": 90, "texture": "#texture" },
        "west":  { "uv": [ 6.5, 6.5, 7, 7 ], "texture": "#texture" },
        "east":  { "uv": [ 6.5, 6.5, 7, 7 ], "texture": "#texture" }
    }
},
{
    "from": [ 2.5, 1.5, 12.5 ],
    "to": [ 3.5, 2.5, 13.5 ],
    "faces": {
        "down":  { "uv": [ 1.5, 6.5, 2, 7 ], "texture": "#texture" },
        "up":    { "uv": [ 1.5, 6.5, 2, 7 ], "texture": "#texture" },
        "north": { "uv": [ 1.5, 6.5, 2, 7 ], "texture": "#texture" },
        "south": { "uv": [ 1.5, 6.5, 2, 7 ], "texture": "#texture" },
        "west":  { "uv": [ 1.5, 6.5, 2, 7 ], "texture": "#texture" },
        "east":  { "uv": [ 1.5, 6.5, 2, 7 ], "texture": "#texture" }
    }
},
{
    "from": [ 10.5, 1.5, 13.5 ],
    "to": [ 12.5, 2.5, 14.5 ],
    "faces": {
        "down":  { "uv": [ 5.5, 7, 6.5, 7.5 ], "texture": "#texture" },
        "up":    { "uv": [ 5.5, 7, 6.5, 7.5 ], "texture": "#texture" },
        "north": { "uv": [ 5.5, 7, 6.5, 7.5 ], "texture": "#texture" },
        "south": { "uv": [ 5.5, 7, 6.5, 7.5 ], "texture": "#texture" },
        "west":  { "uv": [ 5.5, 7, 6.5, 7.5 ], "texture": "#texture" },
        "east":  { "uv": [ 5.5, 7, 6.5, 7.5 ], "texture": "#texture" }
    }
},
{
    "from": [ 3.5, 1.5, 13.5 ],
    "to": [ 5.5, 2.5, 14.5 ],
    "faces": {
        "down":  { "uv": [ 2, 7, 3, 7.5 ], "rotation": 270, "texture": "#texture" },
        "up":    { "uv": [ 2, 7, 3, 7.5 ], "rotation": 90, "texture": "#texture" },
        "north": { "uv": [ 2, 7, 3, 7.5 ], "rotation": 270, "texture": "#texture" },
        "south": { "uv": [ 2, 7, 3, 7.5 ], "rotation": 90, "texture": "#texture" },
        "west":  { "uv": [ 2, 7, 3, 7.5 ], "texture": "#texture" },
        "east":  { "uv": [ 2, 7, 3, 7.5 ], "texture": "#texture" }
    }
},
{
    "from": [ 5.5, 1.5, 14.5 ],
    "to": [ 10.5, 2.5, 15.5 ],
    "faces": {
        "down":  { "uv": [ 3, 7.5, 5.5, 8 ], "texture": "#texture" },
        "up":    { "uv": [ 3, 7.5, 5.5, 8 ], "texture": "#texture" },
        "north": { "uv": [ 3, 7.5, 5.5, 8 ], "texture": "#texture" },
        "south": { "uv": [ 3, 7.5, 5.5, 8 ], "texture": "#texture" },
        "west":  { "uv": [ 3, 7.5, 3.5, 8 ], "texture": "#texture" },
        "east":  { "uv": [ 5, 7.5, 5.5, 8 ], "texture": "#texture" }
    }
},
{
    "from": [ 3.5, 0, 3.5 ],
    "to": [ 12.5, 0.5, 12.5 ],
    "faces": {
        "down":  { "uv": [ 2, 2, 6.5, 6.5 ], "texture": "#texture" },
        "up":    { "uv": [ 2, 2, 6.5, 6.5 ], "texture": "#texture" },
        "north": { "uv": [ 2, 2, 6.5, 2.5 ], "texture": "#texture" },
        "south": { "uv": [ 2, 6, 6.5, 6.5 ], "texture": "#texture" },
        "west":  { "uv": [ 2, 2, 2.5, 6.5 ], "texture": "#texture" },
        "east":  { "uv": [ 6, 2, 6.5, 6.5 ], "texture": "#texture" }
    }
},
{
    "from": [ 2.5, 0, 5.5 ],
    "to": [ 3.5, 0.5, 10.5 ],
    "faces": {
        "down":  { "uv": [ 1.5, 3, 2, 5.5 ], "texture": "#texture" },
        "up":    { "uv": [ 1.5, 3, 2, 5.5 ], "texture": "#texture" },
        "north": { "uv": [ 1.5, 3, 2, 3.5 ], "texture": "#texture" },
        "south": { "uv": [ 1.5, 5, 2, 5.5 ], "texture": "#texture" },
        "west":  { "uv": [ 1.5, 3, 2, 5.5 ], "texture": "#texture" },
        "east":  { "uv": [ 1.5, 3, 2, 5.5 ], "texture": "#texture" }
    }
},
{
    "from": [ 12.5, 0, 5.5 ],
    "to": [ 13.5, 0.5, 10.5 ],
    "faces": {
        "down":  { "uv": [ 6.5, 3, 7, 5.5 ], "texture": "#texture" },
        "up":    { "uv": [ 6.5, 3, 7, 5.5 ], "texture": "#texture" },
        "north": { "uv": [ 6.5, 3, 7, 3.5 ], "texture": "#texture" },
        "south": { "uv": [ 6.5, 5, 7, 5.5 ], "texture": "#texture" },
        "west":  { "uv": [ 6.5, 3, 7, 5.5 ], "texture": "#texture" },
        "east":  { "uv": [ 6.5, 3, 7, 5.5 ], "texture": "#texture" }
    }
},
{
    "from": [ 5.5, 0, 2.5 ],
    "to": [ 10.5, 0.5, 3.5 ],
    "faces": {
        "down":  { "uv": [ 3, 1.5, 6, 2 ], "texture": "#texture" },
        "up":    { "uv": [ 3, 1.5, 6, 2 ], "texture": "#texture" },
        "north": { "uv": [ 3, 1.5, 5.5, 2 ], "texture": "#texture" },
        "south": { "uv": [ 3, 1.5, 5.5, 2 ], "texture": "#texture" },
        "west":  { "uv": [ 3, 1.5, 3.5, 2 ], "texture": "#texture" },
        "east":  { "uv": [ 5, 1.5, 5.5, 2 ], "texture": "#texture" }
    }
},
{
    "from": [ 5.5, 0, 12.5 ],
    "to": [ 10.5, 0.5, 13.5 ],
    "faces": {
        "down":  { "uv": [ 3, 6.5, 5.5, 7 ], "texture": "#texture" },
        "up":    { "uv": [ 3, 6.5, 5.5, 7 ], "texture": "#texture" },
        "north": { "uv": [ 3, 6.5, 5.5, 7 ], "texture": "#texture" },
        "south": { "uv": [ 3, 6.5, 5.5, 7 ], "texture": "#texture" },
        "west":  { "uv": [ 3, 6.5, 3.5, 7 ], "texture": "#texture" },
        "east":  { "uv": [ 5, 6.5, 5.5, 7 ], "texture": "#texture" }
    }
},
{
    "from": [ 6.5, 1.5, 18.5 ],
    "to": [ 9.5, 2.5, 26.5 ],
    "faces": {
        "down":  { "uv": [ 15.5, 3.5, 11.5, 5 ], "rotation": 90, "texture": "#texture" },
        "up":    { "uv": [ 11.5, 3.5, 15.5, 5 ], "rotation": 90, "texture": "#texture" },
        "north": { "uv": [ 11.5, 5, 12, 3.5 ], "rotation": 90, "texture": "#texture" },
        "south": { "uv": [ 15, 3.5, 15.5, 5 ], "rotation": 90, "texture": "#texture" },
        "west":  { "uv": [ 11.5, 4.5, 15.5, 5 ], "texture": "#texture" },
        "east":  { "uv": [ 15.5, 3.5, 11.5, 4 ], "texture": "#texture" }
    }
},
{
    "from": [ 7.5, 1.75, 15.5 ],
    "to": [ 8.5, 2.25, 18.5 ],
    "faces": {
        "down":  { "uv": [ 8.5, 4, 10, 4.5 ], "rotation": 90, "texture": "#texture" },
        "up":    { "uv": [ 10, 4, 8.5, 4.5 ], "rotation": 90, "texture": "#texture" },
        "north": { "uv": [ 9.5, 4, 10, 4.5 ], "texture": "#texture" },
        "south": { "uv": [ 8.5, 4, 9, 4.5 ], "texture": "#texture" },
        "west":  { "uv": [ 10, 4, 8.5, 4.5 ], "texture": "#texture" },
        "east":  { "uv": [ 8.5, 4, 10, 4.5 ], "texture": "#texture" }
    }
}
],
"display": {
    "thirdperson_righthand": {
        "rotation": [ 90, 0, 0 ],
        "translation": [ 0, 8.69, 6.05 ],
        "scale": [ 0.75, 0.75, 0.75 ]
    },
    "thirdperson_lefthand": {
        "rotation": [ 90, 0, 0 ],
        "translation": [ 0, 8.69, 6.05 ],
        "scale": [ 0.75, 0.75, 0.75 ]
    },
    "ground": {
        "rotation": [ 0, 0, 0 ],
        "translation": [ 0, 6.24, 0 ],
        "scale": [ 0.5, 0.5, 0.5 ]
    },
    "fixed": {
        "rotation": [ 0, -90, 0 ],
        "translation": [ 3.97, 4.91, -0.94 ],
        "scale": [ 0.75, 0.75, 0.75 ]
    },
    "firstperson_righthand": {
        "rotation": [ 75, 1, 84 ],
        "translation": [ 0, 7.94, -2.83 ],
        "scale": [ 0.75, 0.75, 0.75 ]
    },
    "firstperson_lefthand": {
        "rotation": [ 75, -1, 81 ],
        "translation": [ 0, 7.94, -3.59 ],
        "scale": [ 0.75, 0.75, 0.75 ]
    },
    "gui": {
        "rotation": [ 45, 135, 0 ],
        "translation": [ -1.32, 0.94, 0 ],
        "scale": [ 0.5, 0.5, 0.5 ]
    }
}
}