{
"__comment": "Designed by MasterianoX",
"textures": {
    "particle": "wynn/weapons/sets/holy_set/holy_hammer",
    "texture": "wynn/weapons/sets/holy_set/holy_hammer",
    "hammer2": "wynn/weapons/sets/holy_set/holy_hammer2"
},
"elements": [ 
{
    "__comment": "bump3 x32",
    "from": [ 4, 17, 6 ],
    "to": [ 4.5, 21, 10 ],
    "faces": {
        "down":  { "uv": [ 4, 7, 4.5, 6.5 ], "texture": "#texture" },
        "up":    { "uv": [ 4, 3, 4.5, 3.5 ], "texture": "#texture" },
        "north": { "uv": [ 4.5, 3, 4, 7 ], "texture": "#texture" },
        "south": { "uv": [ 4, 3, 4.5, 7 ], "texture": "#texture" },
        "west":  { "uv": [ 4, 3, 4.5, 7 ], "texture": "#texture" },
        "east":  { "uv": [ 4.5, 3, 4, 7 ], "texture": "#texture" }
    }
},
{
    "__comment": "bump3 x32",
    "from": [ 4.5, 17, 6 ],
    "to": [ 5, 20.5, 10 ],
    "faces": {
        "down":  { "uv": [ 4.5, 7, 5, 6.5 ], "texture": "#texture" },
        "up":    { "uv": [ 4.5, 3.5, 5, 4 ], "texture": "#texture" },
        "north": { "uv": [ 5, 3.5, 4.5, 7 ], "texture": "#texture" },
        "south": { "uv": [ 4.5, 3.5, 5, 7 ], "texture": "#texture" },
        "west":  { "uv": [ 4.5, 3.5, 5, 7 ], "texture": "#texture" },
        "east":  { "uv": [ 5, 3.5, 4.5, 7 ], "texture": "#texture" }
    }
},
{
    "__comment": "bump3 x32",
    "from": [ 5, 17.5, 6 ],
    "to": [ 12, 20, 10 ],
    "faces": {
        "down":  { "uv": [ 5, 6.5, 12, 6 ], "texture": "#texture" },
        "up":    { "uv": [ 5, 4, 12, 4.5 ], "texture": "#texture" },
        "north": { "uv": [ 12, 4, 5, 6.5 ], "texture": "#texture" },
        "south": { "uv": [ 5, 4, 12, 6.5 ], "texture": "#texture" },
        "west":  { "uv": [ 5, 4, 5.5, 6.5 ], "texture": "#texture" },
        "east":  { "uv": [ 12, 4, 11.5, 6.5 ], "texture": "#texture" }
    }
},
{
    "__comment": "bump3 x32",
    "from": [ 6, 20, 6 ],
    "to": [ 9.5, 20.5, 10 ],
    "faces": {
        "down":  { "uv": [ 6, 4, 9.5, 3.5 ], "texture": "#texture" },
        "up":    { "uv": [ 6, 3.5, 9.5, 4 ], "texture": "#texture" },
        "north": { "uv": [ 9.5, 3.5, 6, 4 ], "texture": "#texture" },
        "south": { "uv": [ 6, 3.5, 9.5, 4 ], "texture": "#texture" },
        "west":  { "uv": [ 6, 3.5, 6.5, 4 ], "texture": "#texture" },
        "east":  { "uv": [ 9.5, 3.5, 9, 4 ], "texture": "#texture" }
    }
},
{
    "__comment": "bump3 x32",
    "from": [ 6, 17, 6 ],
    "to": [ 10.5, 17.5, 10 ],
    "faces": {
        "down":  { "uv": [ 6, 7, 10.5, 6.5 ], "texture": "#texture" },
        "up":    { "uv": [ 6, 6.5, 10.5, 7 ], "texture": "#texture" },
        "north": { "uv": [ 10.5, 6.5, 6, 7 ], "texture": "#texture" },
        "south": { "uv": [ 6, 6.5, 10.5, 7 ], "texture": "#texture" },
        "west":  { "uv": [ 6, 6.5, 6.5, 7 ], "texture": "#texture" },
        "east":  { "uv": [ 10.5, 6.5, 10, 7 ], "texture": "#texture" }
    }
},
{
    "__comment": "bump3 x32",
    "from": [ 7, 16.5, 6 ],
    "to": [ 10, 17, 10 ],
    "faces": {
        "down":  { "uv": [ 7, 7.5, 10, 7 ], "texture": "#texture" },
        "up":    { "uv": [ 7, 7, 10, 7.5 ], "texture": "#texture" },
        "north": { "uv": [ 10, 7, 7, 7.5 ], "texture": "#texture" },
        "south": { "uv": [ 7, 7, 10, 7.5 ], "texture": "#texture" },
        "west":  { "uv": [ 7, 7, 7.5, 7.5 ], "texture": "#texture" },
        "east":  { "uv": [ 10, 7, 9.5, 7.5 ], "texture": "#texture" }
    }
},
{
    "__comment": "bump3 x32",
    "from": [ 7.5, 20.5, 6 ],
    "to": [ 8.5, 21, 10 ],
    "faces": {
        "down":  { "uv": [ 7.5, 3.5, 8.5, 3 ], "texture": "#texture" },
        "up":    { "uv": [ 7.5, 3, 8.5, 3.5 ], "texture": "#texture" },
        "north": { "uv": [ 8.5, 3, 7.5, 3.5 ], "texture": "#texture" },
        "south": { "uv": [ 7.5, 3, 8.5, 3.5 ], "texture": "#texture" },
        "west":  { "uv": [ 7.5, 3, 8, 3.5 ], "texture": "#texture" },
        "east":  { "uv": [ 8.5, 3, 8, 3.5 ], "texture": "#texture" }
    }
},
{
    "__comment": "bump3 x32",
    "from": [ 7.5, 15, 6 ],
    "to": [ 8.5, 16.5, 10 ],
    "faces": {
        "down":  { "uv": [ 7.5, 9, 8.5, 8.5 ], "texture": "#texture" },
        "up":    { "uv": [ 7.5, 7.5, 8.5, 8 ], "texture": "#texture" },
        "north": { "uv": [ 8.5, 7.5, 7.5, 9 ], "texture": "#texture" },
        "south": { "uv": [ 7.5, 7.5, 8.5, 9 ], "texture": "#texture" },
        "west":  { "uv": [ 7.5, 7.5, 8, 9 ], "texture": "#texture" },
        "east":  { "uv": [ 8.5, 7.5, 8, 9 ], "texture": "#texture" }
    }
},
{
    "__comment": "bump3 x32",
    "from": [ 8.5, 15.5, 6 ],
    "to": [ 9, 16.5, 10 ],
    "faces": {
        "down":  { "uv": [ 8.5, 8.5, 9, 8 ], "texture": "#texture" },
        "up":    { "uv": [ 8.5, 7.5, 9, 8 ], "texture": "#texture" },
        "north": { "uv": [ 9, 7.5, 8.5, 8.5 ], "texture": "#texture" },
        "south": { "uv": [ 8.5, 7.5, 9, 8.5 ], "texture": "#texture" },
        "west":  { "uv": [ 8.5, 7.5, 9, 8.5 ], "texture": "#texture" },
        "east":  { "uv": [ 9, 7.5, 8.5, 8.5 ], "texture": "#texture" }
    }
},
{
    "__comment": "bump3 x32",
    "from": [ 11.5, 20, 6 ],
    "to": [ 12, 20.5, 10 ],
    "faces": {
        "down":  { "uv": [ 11.5, 4, 12, 3.5 ], "texture": "#texture" },
        "up":    { "uv": [ 11.5, 3.5, 12, 4 ], "texture": "#texture" },
        "north": { "uv": [ 12, 3.5, 11.5, 4 ], "texture": "#texture" },
        "south": { "uv": [ 11.5, 3.5, 12, 4 ], "texture": "#texture" },
        "west":  { "uv": [ 11.5, 3.5, 12, 4 ], "texture": "#texture" },
        "east":  { "uv": [ 12, 3.5, 11.5, 4 ], "texture": "#texture" }
    }
},
{
    "__comment": "bump3 x32",
    "from": [ 11.5, 17, 6 ],
    "to": [ 12, 17.5, 10 ],
    "faces": {
        "down":  { "uv": [ 11.5, 7, 12, 6.5 ], "texture": "#texture" },
        "up":    { "uv": [ 11.5, 6.5, 12, 7 ], "texture": "#texture" },
        "north": { "uv": [ 12, 6.5, 11.5, 7 ], "texture": "#texture" },
        "south": { "uv": [ 11.5, 6.5, 12, 7 ], "texture": "#texture" },
        "west":  { "uv": [ 11.5, 6.5, 12, 7 ], "texture": "#texture" },
        "east":  { "uv": [ 12, 6.5, 11.5, 7 ], "texture": "#texture" }
    }
},
{
    "__comment": "bump2 x32",
    "from": [ 3, 21.5, 6.5 ],
    "to": [ 4, 22.5, 9.5 ],
    "faces": {
        "down":  { "uv": [ 3, 2.5, 4, 2 ], "texture": "#texture" },
        "up":    { "uv": [ 3, 1.5, 4, 2 ], "texture": "#texture" },
        "north": { "uv": [ 4, 1.5, 3, 2.5 ], "texture": "#texture" },
        "south": { "uv": [ 3, 1.5, 4, 2.5 ], "texture": "#texture" },
        "west":  { "uv": [ 3, 1.5, 3.5, 2.5 ], "texture": "#texture" },
        "east":  { "uv": [ 4, 1.5, 3.5, 2.5 ], "texture": "#texture" }
    }
},
{
    "__comment": "bump2 x32",
    "from": [ 3.5, 16.5, 6.5 ],
    "to": [ 4.5, 21.5, 9.5 ],
    "faces": {
        "down":  { "uv": [ 3.5, 7.5, 4.5, 7 ], "texture": "#texture" },
        "up":    { "uv": [ 3.5, 2.5, 4.5, 3 ], "texture": "#texture" },
        "north": { "uv": [ 4.5, 2.5, 3.5, 7.5 ], "texture": "#texture" },
        "south": { "uv": [ 3.5, 2.5, 4.5, 7.5 ], "texture": "#texture" },
        "west":  { "uv": [ 3.5, 2.5, 4, 7.5 ], "texture": "#texture" },
        "east":  { "uv": [ 4.5, 2.5, 4, 7.5 ], "texture": "#texture" }
    }
},
{
    "__comment": "bump2 x32",
    "from": [ 4.5, 16.5, 6.5 ],
    "to": [ 5, 21, 9.5 ],
    "faces": {
        "down":  { "uv": [ 4.5, 7.5, 5, 7 ], "texture": "#texture" },
        "up":    { "uv": [ 4.5, 3, 5, 3.5 ], "texture": "#texture" },
        "north": { "uv": [ 5, 3, 4.5, 7.5 ], "texture": "#texture" },
        "south": { "uv": [ 4.5, 3, 5, 7.5 ], "texture": "#texture" },
        "west":  { "uv": [ 4.5, 3, 5, 7.5 ], "texture": "#texture" },
        "east":  { "uv": [ 5, 3, 4.5, 7.5 ], "texture": "#texture" }
    }
},
{
    "__comment": "bump2 x32",
    "from": [ 5, 17, 6.5 ],
    "to": [ 12.5, 20.5, 9.5 ],
    "faces": {
        "down":  { "uv": [ 5, 7, 12.5, 6.5 ], "texture": "#texture" },
        "up":    { "uv": [ 5, 3.5, 12.5, 4 ], "texture": "#texture" },
        "north": { "uv": [ 12.5, 3.5, 5, 7 ], "texture": "#texture" },
        "south": { "uv": [ 5, 3.5, 12.5, 7 ], "texture": "#texture" },
        "west":  { "uv": [ 5, 3.5, 5.5, 7 ], "texture": "#texture" },
        "east":  { "uv": [ 12.5, 3.5, 12, 7 ], "texture": "#texture" }
    }
},
{
    "__comment": "bump2 x32",
    "from": [ 6, 20.5, 6.5 ],
    "to": [ 9.5, 21, 9.5 ],
    "faces": {
        "down":  { "uv": [ 6, 3.5, 9.5, 3 ], "texture": "#texture" },
        "up":    { "uv": [ 6, 3, 9.5, 3.5 ], "texture": "#texture" },
        "north": { "uv": [ 9.5, 3, 6, 3.5 ], "texture": "#texture" },
        "south": { "uv": [ 6, 3, 9.5, 3.5 ], "texture": "#texture" },
        "west":  { "uv": [ 6, 3, 6.5, 3.5 ], "texture": "#texture" },
        "east":  { "uv": [ 9.5, 3, 9, 3.5 ], "texture": "#texture" }
    }
},
{
    "__comment": "bump2 x32",
    "from": [ 6, 16.5, 6.5 ],
    "to": [ 10.5, 17, 9.5 ],
    "faces": {
        "down":  { "uv": [ 6, 7.5, 10.5, 7 ], "texture": "#texture" },
        "up":    { "uv": [ 6, 7, 10.5, 7.5 ], "texture": "#texture" },
        "north": { "uv": [ 10.5, 7, 6, 7.5 ], "texture": "#texture" },
        "south": { "uv": [ 6, 7, 10.5, 7.5 ], "texture": "#texture" },
        "west":  { "uv": [ 6, 7, 6.5, 7.5 ], "texture": "#texture" },
        "east":  { "uv": [ 10.5, 7, 10, 7.5 ], "texture": "#texture" }
    }
},
{
    "__comment": "bump2 x32",
    "from": [ 6.5, 16, 6.5 ],
    "to": [ 10, 16.5, 9.5 ],
    "faces": {
        "down":  { "uv": [ 6.5, 8, 10, 7.5 ], "texture": "#texture" },
        "up":    { "uv": [ 6.5, 7.5, 10, 8 ], "texture": "#texture" },
        "north": { "uv": [ 10, 7.5, 6.5, 8 ], "texture": "#texture" },
        "south": { "uv": [ 6.5, 7.5, 10, 8 ], "texture": "#texture" },
        "west":  { "uv": [ 6.5, 7.5, 7, 8 ], "texture": "#texture" },
        "east":  { "uv": [ 10, 7.5, 9.5, 8 ], "texture": "#texture" }
    }
},
{
    "__comment": "bump2 x32",
    "from": [ 7, 15, 6.5 ],
    "to": [ 9, 16, 9.5 ],
    "faces": {
        "down":  { "uv": [ 7, 9, 9, 8.5 ], "texture": "#texture" },
        "up":    { "uv": [ 7, 8, 9, 8.5 ], "texture": "#texture" },
        "north": { "uv": [ 9, 8, 7, 9 ], "texture": "#texture" },
        "south": { "uv": [ 7, 8, 9, 9 ], "texture": "#texture" },
        "west":  { "uv": [ 7, 8, 7.5, 9 ], "texture": "#texture" },
        "east":  { "uv": [ 9, 8, 8.5, 9 ], "texture": "#texture" }
    }
},
{
    "__comment": "bump2 x32",
    "from": [ 7.5, 21, 6.5 ],
    "to": [ 8.5, 21.5, 9.5 ],
    "faces": {
        "down":  { "uv": [ 7.5, 3, 8.5, 2.5 ], "texture": "#texture" },
        "up":    { "uv": [ 7.5, 2.5, 8.5, 3 ], "texture": "#texture" },
        "north": { "uv": [ 8.5, 2.5, 7.5, 3 ], "texture": "#texture" },
        "south": { "uv": [ 7.5, 2.5, 8.5, 3 ], "texture": "#texture" },
        "west":  { "uv": [ 7.5, 2.5, 8, 3 ], "texture": "#texture" },
        "east":  { "uv": [ 8.5, 2.5, 8, 3 ], "texture": "#texture" }
    }
},
{
    "__comment": "bump2 x32",
    "from": [ 7.5, 14, 6.5 ],
    "to": [ 8, 15, 9.5 ],
    "faces": {
        "down":  { "uv": [ 7.5, 10, 8, 9.5 ], "texture": "#texture" },
        "up":    { "uv": [ 7.5, 9, 8, 9.5 ], "texture": "#texture" },
        "north": { "uv": [ 8, 9, 7.5, 10 ], "texture": "#texture" },
        "south": { "uv": [ 7.5, 9, 8, 10 ], "texture": "#texture" },
        "west":  { "uv": [ 7.5, 9, 8, 10 ], "texture": "#texture" },
        "east":  { "uv": [ 8, 9, 7.5, 10 ], "texture": "#texture" }
    }
},
{
    "__comment": "bump2 x32",
    "from": [ 8, 14.5, 6.5 ],
    "to": [ 8.5, 15, 9.5 ],
    "faces": {
        "down":  { "uv": [ 8, 9.5, 8.5, 9 ], "texture": "#texture" },
        "up":    { "uv": [ 8, 9, 8.5, 9.5 ], "texture": "#texture" },
        "north": { "uv": [ 8.5, 9, 8, 9.5 ], "texture": "#texture" },
        "south": { "uv": [ 8, 9, 8.5, 9.5 ], "texture": "#texture" },
        "west":  { "uv": [ 8, 9, 8.5, 9.5 ], "texture": "#texture" },
        "east":  { "uv": [ 8.5, 9, 8, 9.5 ], "texture": "#texture" }
    }
},
{
    "__comment": "bump2 x32",
    "from": [ 9, 15.5, 6.5 ],
    "to": [ 9.5, 16, 9.5 ],
    "faces": {
        "down":  { "uv": [ 9, 8.5, 9.5, 8 ], "texture": "#texture" },
        "up":    { "uv": [ 9, 8, 9.5, 8.5 ], "texture": "#texture" },
        "north": { "uv": [ 9.5, 8, 9, 8.5 ], "texture": "#texture" },
        "south": { "uv": [ 9, 8, 9.5, 8.5 ], "texture": "#texture" },
        "west":  { "uv": [ 9, 8, 9.5, 8.5 ], "texture": "#texture" },
        "east":  { "uv": [ 9.5, 8, 9, 8.5 ], "texture": "#texture" }
    }
},
{
    "__comment": "bump2 x32",
    "from": [ 11.5, 20.5, 6.5 ],
    "to": [ 13, 21, 9.5 ],
    "faces": {
        "down":  { "uv": [ 11.5, 3.5, 13, 3 ], "texture": "#texture" },
        "up":    { "uv": [ 11.5, 3, 13, 3.5 ], "texture": "#texture" },
        "north": { "uv": [ 13, 3, 11.5, 3.5 ], "texture": "#texture" },
        "south": { "uv": [ 11.5, 3, 13, 3.5 ], "texture": "#texture" },
        "west":  { "uv": [ 11.5, 3, 12, 3.5 ], "texture": "#texture" },
        "east":  { "uv": [ 13, 3, 12.5, 3.5 ], "texture": "#texture" }
    }
},
{
    "__comment": "bump2 x32",
    "from": [ 11.5, 16.5, 6.5 ],
    "to": [ 12.5, 17, 9.5 ],
    "faces": {
        "down":  { "uv": [ 11.5, 7.5, 12.5, 7 ], "texture": "#texture" },
        "up":    { "uv": [ 11.5, 7, 12.5, 7.5 ], "texture": "#texture" },
        "north": { "uv": [ 12.5, 7, 11.5, 7.5 ], "texture": "#texture" },
        "south": { "uv": [ 11.5, 7, 12.5, 7.5 ], "texture": "#texture" },
        "west":  { "uv": [ 11.5, 7, 12, 7.5 ], "texture": "#texture" },
        "east":  { "uv": [ 12.5, 7, 12, 7.5 ], "texture": "#texture" }
    }
},
{
    "__comment": "bump2 x32",
    "from": [ 12, 21, 6.5 ],
    "to": [ 13, 21.5, 9.5 ],
    "faces": {
        "down":  { "uv": [ 12, 3, 13, 2.5 ], "texture": "#texture" },
        "up":    { "uv": [ 12, 2.5, 13, 3 ], "texture": "#texture" },
        "north": { "uv": [ 13, 2.5, 12, 3 ], "texture": "#texture" },
        "south": { "uv": [ 12, 2.5, 13, 3 ], "texture": "#texture" },
        "west":  { "uv": [ 12, 2.5, 12.5, 3 ], "texture": "#texture" },
        "east":  { "uv": [ 13, 2.5, 12.5, 3 ], "texture": "#texture" }
    }
},
{
    "__comment": "bump2 x32",
    "from": [ 12.5, 20, 6.5 ],
    "to": [ 13, 20.5, 9.5 ],
    "faces": {
        "down":  { "uv": [ 12.5, 4, 13, 3.5 ], "texture": "#texture" },
        "up":    { "uv": [ 12.5, 3.5, 13, 4 ], "texture": "#texture" },
        "north": { "uv": [ 13, 3.5, 12.5, 4 ], "texture": "#texture" },
        "south": { "uv": [ 12.5, 3.5, 13, 4 ], "texture": "#texture" },
        "west":  { "uv": [ 12.5, 3.5, 13, 4 ], "texture": "#texture" },
        "east":  { "uv": [ 13, 3.5, 12.5, 4 ], "texture": "#texture" }
    }
},
{
    "__comment": "bump1 x32",
    "from": [ 2.5, 21.5, 7 ],
    "to": [ 4, 23, 9 ],
    "faces": {
        "down":  { "uv": [ 2.5, 2.5, 4, 2 ], "texture": "#texture" },
        "up":    { "uv": [ 2.5, 1, 4, 1.5 ], "texture": "#texture" },
        "north": { "uv": [ 4, 1, 2.5, 2.5 ], "texture": "#texture" },
        "south": { "uv": [ 2.5, 1, 4, 2.5 ], "texture": "#texture" },
        "west":  { "uv": [ 2.5, 1, 3, 2.5 ], "texture": "#texture" },
        "east":  { "uv": [ 4, 1, 3.5, 2.5 ], "texture": "#texture" }
    }
},
{
    "__comment": "bump1 x32",
    "from": [ 2.5, 16, 7 ],
    "to": [ 5, 16.5, 9 ],
    "faces": {
        "down":  { "uv": [ 2.5, 8, 5, 7.5 ], "texture": "#texture" },
        "up":    { "uv": [ 2.5, 7.5, 5, 8 ], "texture": "#texture" },
        "north": { "uv": [ 5, 7.5, 2.5, 8 ], "texture": "#texture" },
        "south": { "uv": [ 2.5, 7.5, 5, 8 ], "texture": "#texture" },
        "west":  { "uv": [ 2.5, 7.5, 3, 8 ], "texture": "#texture" },
        "east":  { "uv": [ 5, 7.5, 4.5, 8 ], "texture": "#texture" }
    }
},
{
    "__comment": "bump1 x32",
    "from": [ 3, 16.5, 7 ],
    "to": [ 5, 21.5, 9 ],
    "faces": {
        "down":  { "uv": [ 3, 7.5, 5, 7 ], "texture": "#texture" },
        "up":    { "uv": [ 3, 2.5, 5, 3 ], "texture": "#texture" },
        "north": { "uv": [ 5, 2.5, 3, 7.5 ], "texture": "#texture" },
        "south": { "uv": [ 3, 2.5, 5, 7.5 ], "texture": "#texture" },
        "west":  { "uv": [ 3, 2.5, 3.5, 7.5 ], "texture": "#texture" },
        "east":  { "uv": [ 5, 2.5, 4.5, 7.5 ], "texture": "#texture" }
    }
},
{
    "__comment": "bump1 x32",
    "from": [ 4, 21.5, 7 ],
    "to": [ 4.5, 22.5, 9 ],
    "faces": {
        "down":  { "uv": [ 4, 2.5, 4.5, 2 ], "texture": "#texture" },
        "up":    { "uv": [ 4, 1.5, 4.5, 2 ], "texture": "#texture" },
        "north": { "uv": [ 4.5, 1.5, 4, 2.5 ], "texture": "#texture" },
        "south": { "uv": [ 4, 1.5, 4.5, 2.5 ], "texture": "#texture" },
        "west":  { "uv": [ 4, 1.5, 4.5, 2.5 ], "texture": "#texture" },
        "east":  { "uv": [ 4.5, 1.5, 4, 2.5 ], "texture": "#texture" }
    }
},
{
    "__comment": "bump1 x32",
    "from": [ 5, 16.5, 7 ],
    "to": [ 13, 21, 9 ],
    "faces": {
        "down":  { "uv": [ 5, 7.5, 13, 7 ], "texture": "#texture" },
        "up":    { "uv": [ 5, 3, 13, 3.5 ], "texture": "#texture" },
        "north": { "uv": [ 13, 3, 5, 7.5 ], "texture": "#texture" },
        "south": { "uv": [ 5, 3, 13, 7.5 ], "texture": "#texture" },
        "west":  { "uv": [ 5, 3, 5.5, 7.5 ], "texture": "#texture" },
        "east":  { "uv": [ 13, 3, 12.5, 7.5 ], "texture": "#texture" }
    }
},
{
    "__comment": "bump1 x32",
    "from": [ 6, 21, 7 ],
    "to": [ 9.5, 21.5, 9 ],
    "faces": {
        "down":  { "uv": [ 6, 3, 9.5, 2.5 ], "texture": "#texture" },
        "up":    { "uv": [ 6, 2.5, 9.5, 3 ], "texture": "#texture" },
        "north": { "uv": [ 9.5, 2.5, 6, 3 ], "texture": "#texture" },
        "south": { "uv": [ 6, 2.5, 9.5, 3 ], "texture": "#texture" },
        "west":  { "uv": [ 6, 2.5, 6.5, 3 ], "texture": "#texture" },
        "east":  { "uv": [ 9.5, 2.5, 9, 3 ], "texture": "#texture" }
    }
},
{
    "__comment": "bump1 x32",
    "from": [ 6, 16, 7 ],
    "to": [ 10.5, 16.5, 9 ],
    "faces": {
        "down":  { "uv": [ 6, 8, 10.5, 7.5 ], "texture": "#texture" },
        "up":    { "uv": [ 6, 7.5, 10.5, 8 ], "texture": "#texture" },
        "north": { "uv": [ 10.5, 7.5, 6, 8 ], "texture": "#texture" },
        "south": { "uv": [ 6, 7.5, 10.5, 8 ], "texture": "#texture" },
        "west":  { "uv": [ 6, 7.5, 6.5, 8 ], "texture": "#texture" },
        "east":  { "uv": [ 10.5, 7.5, 10, 8 ], "texture": "#texture" }
    }
},
{
    "__comment": "bump1 x32",
    "from": [ 6.5, 15, 7 ],
    "to": [ 9.5, 16, 9 ],
    "faces": {
        "down":  { "uv": [ 6.5, 9, 9.5, 8.5 ], "texture": "#texture" },
        "up":    { "uv": [ 6.5, 8, 9.5, 8.5 ], "texture": "#texture" },
        "north": { "uv": [ 9.5, 8, 6.5, 9 ], "texture": "#texture" },
        "south": { "uv": [ 6.5, 8, 9.5, 9 ], "texture": "#texture" },
        "west":  { "uv": [ 6.5, 8, 7, 9 ], "texture": "#texture" },
        "east":  { "uv": [ 9.5, 8, 9, 9 ], "texture": "#texture" }
    }
},
{
    "__comment": "bump1 x32",
    "from": [ 7, 13, 7 ],
    "to": [ 8.5, 15, 9 ],
    "faces": {
        "down":  { "uv": [ 7, 11, 8.5, 10.5 ], "texture": "#texture" },
        "up":    { "uv": [ 7, 9, 8.5, 9.5 ], "texture": "#texture" },
        "north": { "uv": [ 8.5, 9, 7, 11 ], "texture": "#texture" },
        "south": { "uv": [ 7, 9, 8.5, 11 ], "texture": "#texture" },
        "west":  { "uv": [ 7, 9, 7.5, 11 ], "texture": "#texture" },
        "east":  { "uv": [ 8.5, 9, 8, 11 ], "texture": "#texture" }
    }
},
{
    "__comment": "bump1 x32",
    "from": [ 7, 9.5, 7 ],
    "to": [ 8.5, 11.5, 9 ],
    "faces": {
        "down":  { "uv": [ 7, 14.5, 8.5, 14 ], "texture": "#texture" },
        "up":    { "uv": [ 7, 12.5, 8.5, 13 ], "texture": "#texture" },
        "north": { "uv": [ 8.5, 12.5, 7, 14.5 ], "texture": "#texture" },
        "south": { "uv": [ 7, 12.5, 8.5, 14.5 ], "texture": "#texture" },
        "west":  { "uv": [ 7, 12.5, 7.5, 14.5 ], "texture": "#texture" },
        "east":  { "uv": [ 8.5, 12.5, 8, 14.5 ], "texture": "#texture" }
    }
},
{
    "__comment": "bump1 x32",
    "from": [ 7.5, 21.5, 7 ],
    "to": [ 8.5, 22, 9 ],
    "faces": {
        "down":  { "uv": [ 7.5, 2.5, 8.5, 2 ], "texture": "#texture" },
        "up":    { "uv": [ 7.5, 2, 8.5, 2.5 ], "texture": "#texture" },
        "north": { "uv": [ 8.5, 2, 7.5, 2.5 ], "texture": "#texture" },
        "south": { "uv": [ 7.5, 2, 8.5, 2.5 ], "texture": "#texture" },
        "west":  { "uv": [ 7.5, 2, 8, 2.5 ], "texture": "#texture" },
        "east":  { "uv": [ 8.5, 2, 8, 2.5 ], "texture": "#texture" }
    }
},
{
    "__comment": "bump1 x32",
    "from": [ 7.5, 11.5, 7 ],
    "to": [ 8, 13, 9 ],
    "faces": {
        "down":  { "uv": [ 7.5, 12.5, 8, 12 ], "texture": "#texture" },
        "up":    { "uv": [ 7.5, 11, 8, 11.5 ], "texture": "#texture" },
        "north": { "uv": [ 8, 11, 7.5, 12.5 ], "texture": "#texture" },
        "south": { "uv": [ 7.5, 11, 8, 12.5 ], "texture": "#texture" },
        "west":  { "uv": [ 7.5, 11, 8, 12.5 ], "texture": "#texture" },
        "east":  { "uv": [ 8, 11, 7.5, 12.5 ], "texture": "#texture" }
    }
},
{
    "__comment": "bump1 x32",
    "from": [ 7.5, 8, 7 ],
    "to": [ 8, 9.5, 9 ],
    "faces": {
        "down":  { "uv": [ 7.5, 16, 8, 15.5 ], "texture": "#texture" },
        "up":    { "uv": [ 7.5, 14.5, 8, 15 ], "texture": "#texture" },
        "north": { "uv": [ 8, 14.5, 7.5, 16 ], "texture": "#texture" },
        "south": { "uv": [ 7.5, 14.5, 8, 16 ], "texture": "#texture" },
        "west":  { "uv": [ 7.5, 14.5, 8, 16 ], "texture": "#texture" },
        "east":  { "uv": [ 8, 14.5, 7.5, 16 ], "texture": "#texture" }
    }
},
{
    "__comment": "bump1 x32",
    "from": [ 8, 11.5, 7 ],
    "to": [ 8.5, 12.5, 9 ],
    "faces": {
        "down":  { "uv": [ 8, 12.5, 8.5, 12 ], "texture": "#texture" },
        "up":    { "uv": [ 8, 11.5, 8.5, 12 ], "texture": "#texture" },
        "north": { "uv": [ 8.5, 11.5, 8, 12.5 ], "texture": "#texture" },
        "south": { "uv": [ 8, 11.5, 8.5, 12.5 ], "texture": "#texture" },
        "west":  { "uv": [ 8, 11.5, 8.5, 12.5 ], "texture": "#texture" },
        "east":  { "uv": [ 8.5, 11.5, 8, 12.5 ], "texture": "#texture" }
    }
},
{
    "__comment": "bump1 x32",
    "from": [ 8.5, 14, 7 ],
    "to": [ 9, 15, 9 ],
    "faces": {
        "down":  { "uv": [ 8.5, 10, 9, 9.5 ], "texture": "#texture" },
        "up":    { "uv": [ 8.5, 9, 9, 9.5 ], "texture": "#texture" },
        "north": { "uv": [ 9, 9, 8.5, 10 ], "texture": "#texture" },
        "south": { "uv": [ 8.5, 9, 9, 10 ], "texture": "#texture" },
        "west":  { "uv": [ 8.5, 9, 9, 10 ], "texture": "#texture" },
        "east":  { "uv": [ 9, 9, 8.5, 10 ], "texture": "#texture" }
    }
},
{
    "__comment": "bump1 x32",
    "from": [ 9.5, 15.5, 7 ],
    "to": [ 10, 16, 9 ],
    "faces": {
        "down":  { "uv": [ 9.5, 8.5, 10, 8 ], "texture": "#texture" },
        "up":    { "uv": [ 9.5, 8, 10, 8.5 ], "texture": "#texture" },
        "north": { "uv": [ 10, 8, 9.5, 8.5 ], "texture": "#texture" },
        "south": { "uv": [ 9.5, 8, 10, 8.5 ], "texture": "#texture" },
        "west":  { "uv": [ 9.5, 8, 10, 8.5 ], "texture": "#texture" },
        "east":  { "uv": [ 10, 8, 9.5, 8.5 ], "texture": "#texture" }
    }
},
{
    "__comment": "bump1 x32",
    "from": [ 11.5, 21, 7 ],
    "to": [ 13.5, 21.5, 9 ],
    "faces": {
        "down":  { "uv": [ 11.5, 3, 13.5, 2.5 ], "texture": "#texture" },
        "up":    { "uv": [ 11.5, 2.5, 13.5, 3 ], "texture": "#texture" },
        "north": { "uv": [ 13.5, 2.5, 11.5, 3 ], "texture": "#texture" },
        "south": { "uv": [ 11.5, 2.5, 13.5, 3 ], "texture": "#texture" },
        "west":  { "uv": [ 11.5, 2.5, 12, 3 ], "texture": "#texture" },
        "east":  { "uv": [ 13.5, 2.5, 13, 3 ], "texture": "#texture" }
    }
},
{
    "__comment": "bump1 x32",
    "from": [ 11.5, 16, 7 ],
    "to": [ 13, 16.5, 9 ],
    "faces": {
        "down":  { "uv": [ 11.5, 8, 13, 7.5 ], "texture": "#texture" },
        "up":    { "uv": [ 11.5, 7.5, 13, 8 ], "texture": "#texture" },
        "north": { "uv": [ 13, 7.5, 11.5, 8 ], "texture": "#texture" },
        "south": { "uv": [ 11.5, 7.5, 13, 8 ], "texture": "#texture" },
        "west":  { "uv": [ 11.5, 7.5, 12, 8 ], "texture": "#texture" },
        "east":  { "uv": [ 13, 7.5, 12.5, 8 ], "texture": "#texture" }
    }
},
{
    "__comment": "bump1 x32",
    "from": [ 12, 21.5, 7 ],
    "to": [ 13.5, 22, 9 ],
    "faces": {
        "down":  { "uv": [ 12, 2.5, 13.5, 2 ], "texture": "#texture" },
        "up":    { "uv": [ 12, 2, 13.5, 2.5 ], "texture": "#texture" },
        "north": { "uv": [ 13.5, 2, 12, 2.5 ], "texture": "#texture" },
        "south": { "uv": [ 12, 2, 13.5, 2.5 ], "texture": "#texture" },
        "west":  { "uv": [ 12, 2, 12.5, 2.5 ], "texture": "#texture" },
        "east":  { "uv": [ 13.5, 2, 13, 2.5 ], "texture": "#texture" }
    }
},
{
    "__comment": "bump1 x32",
    "from": [ 13, 20, 7 ],
    "to": [ 13.5, 21, 9 ],
    "faces": {
        "down":  { "uv": [ 13, 4, 13.5, 3.5 ], "texture": "#texture" },
        "up":    { "uv": [ 13, 3, 13.5, 3.5 ], "texture": "#texture" },
        "north": { "uv": [ 13.5, 3, 13, 4 ], "texture": "#texture" },
        "south": { "uv": [ 13, 3, 13.5, 4 ], "texture": "#texture" },
        "west":  { "uv": [ 13, 3, 13.5, 4 ], "texture": "#texture" },
        "east":  { "uv": [ 13.5, 3, 13, 4 ], "texture": "#texture" }
    }
},
{
    "__comment": "bump x32",
    "from": [ 7, 6.5, 7 ],
    "to": [ 8.5, 7, 9 ],
    "faces": {
        "down":  { "uv": [ 7, 1.5, 8.5, 1 ], "texture": "#hammer2" },
        "up":    { "uv": [ 7, 1, 8.5, 1.5 ], "texture": "#hammer2" },
        "north": { "uv": [ 8.5, 1, 7, 1.5 ], "texture": "#hammer2" },
        "south": { "uv": [ 7, 1, 8.5, 1.5 ], "texture": "#hammer2" },
        "west":  { "uv": [ 7, 1, 7.5, 1.5 ], "texture": "#hammer2" },
        "east":  { "uv": [ 8.5, 1, 8, 1.5 ], "texture": "#hammer2" }
    }
},
{
    "__comment": "bump x32",
    "from": [ 7, 0, 7 ],
    "to": [ 8.5, 0.5, 9 ],
    "faces": {
        "down":  { "uv": [ 7, 8, 8.5, 7.5 ], "texture": "#hammer2" },
        "up":    { "uv": [ 7, 7.5, 8.5, 8 ], "texture": "#hammer2" },
        "north": { "uv": [ 8.5, 7.5, 7, 8 ], "texture": "#hammer2" },
        "south": { "uv": [ 7, 7.5, 8.5, 8 ], "texture": "#hammer2" },
        "west":  { "uv": [ 7, 7.5, 7.5, 8 ], "texture": "#hammer2" },
        "east":  { "uv": [ 8.5, 7.5, 8, 8 ], "texture": "#hammer2" }
    }
},
{
    "__comment": "bump x32",
    "from": [ 7, -2.5, 7 ],
    "to": [ 8.5, -1.5, 9 ],
    "faces": {
        "down":  { "uv": [ 7, 10.5, 8.5, 10 ], "texture": "#hammer2" },
        "up":    { "uv": [ 7, 9.5, 8.5, 10 ], "texture": "#hammer2" },
        "north": { "uv": [ 8.5, 9.5, 7, 10.5 ], "texture": "#hammer2" },
        "south": { "uv": [ 7, 9.5, 8.5, 10.5 ], "texture": "#hammer2" },
        "west":  { "uv": [ 7, 9.5, 7.5, 10.5 ], "texture": "#hammer2" },
        "east":  { "uv": [ 8.5, 9.5, 8, 10.5 ], "texture": "#hammer2" }
    }
},
{
    "__comment": "bump x32",
    "from": [ 7.5, 7, 7 ],
    "to": [ 8, 8, 9 ],
    "faces": {
        "down":  { "uv": [ 7.5, 1, 8, 0.5 ], "texture": "#hammer2" },
        "up":    { "uv": [ 7.5, 0, 8, 0.5 ], "texture": "#hammer2" },
        "north": { "uv": [ 8, 0, 7.5, 1 ], "texture": "#hammer2" },
        "south": { "uv": [ 7.5, 0, 8, 1 ], "texture": "#hammer2" },
        "west":  { "uv": [ 7.5, 0, 8, 1 ], "texture": "#hammer2" },
        "east":  { "uv": [ 8, 0, 7.5, 1 ], "texture": "#hammer2" }
    }
},
{
    "__comment": "bump x32",
    "from": [ 7.5, -1, 7 ],
    "to": [ 8, 0, 9 ],
    "faces": {
        "down":  { "uv": [ 7.5, 9, 8, 8.5 ], "texture": "#hammer2" },
        "up":    { "uv": [ 7.5, 8, 8, 8.5 ], "texture": "#hammer2" },
        "north": { "uv": [ 8, 8, 7.5, 9 ], "texture": "#hammer2" },
        "south": { "uv": [ 7.5, 8, 8, 9 ], "texture": "#hammer2" },
        "west":  { "uv": [ 7.5, 8, 8, 9 ], "texture": "#hammer2" },
        "east":  { "uv": [ 8, 8, 7.5, 9 ], "texture": "#hammer2" }
    }
},
{
    "__comment": "bump x32",
    "from": [ 7.5, -3, 7 ],
    "to": [ 8, -2.5, 9 ],
    "faces": {
        "down":  { "uv": [ 7.5, 11, 8, 10.5 ], "texture": "#hammer2" },
        "up":    { "uv": [ 7.5, 10.5, 8, 11 ], "texture": "#hammer2" },
        "north": { "uv": [ 8, 10.5, 7.5, 11 ], "texture": "#hammer2" },
        "south": { "uv": [ 7.5, 10.5, 8, 11 ], "texture": "#hammer2" },
        "west":  { "uv": [ 7.5, 10.5, 8, 11 ], "texture": "#hammer2" },
        "east":  { "uv": [ 8, 10.5, 7.5, 11 ], "texture": "#hammer2" }
    }
},
{
    "__comment": "hammer2 x32",
    "from": [ 6.5, 6.5, 7.5 ],
    "to": [ 9, 7, 8.5 ],
    "faces": {
        "down":  { "uv": [ 6.5, 1.5, 9, 1 ], "texture": "#hammer2" },
        "up":    { "uv": [ 6.5, 1, 9, 1.5 ], "texture": "#hammer2" },
        "north": { "uv": [ 9, 1, 6.5, 1.5 ], "texture": "#hammer2" },
        "south": { "uv": [ 6.5, 1, 9, 1.5 ], "texture": "#hammer2" },
        "west":  { "uv": [ 6.5, 1, 7, 1.5 ], "texture": "#hammer2" },
        "east":  { "uv": [ 9, 1, 8.5, 1.5 ], "texture": "#hammer2" }
    }
},
{
    "__comment": "hammer2 x32",
    "from": [ 6.5, 1, 6.75 ],
    "to": [ 9, 6, 9.25 ],
    "faces": {
        "down":  { "uv": [ 6.5, 7, 9, 6.5 ], "texture": "#hammer2" },
        "up":    { "uv": [ 6.5, 2, 9, 2.5 ], "texture": "#hammer2" },
        "north": { "uv": [ 6.5, 2, 9, 7 ], "texture": "#hammer2" },
        "south": { "uv": [ 6.5, 2, 9, 7 ], "texture": "#hammer2" },
        "west":  { "uv": [ 9, 2, 6.5, 7 ], "texture": "#hammer2" },
        "east":  { "uv": [ 9, 2, 6.5, 7 ], "texture": "#hammer2" }
    }
},
{
    "__comment": "hammer2 x32",
    "from": [ 6.5, 0, 7.5 ],
    "to": [ 9, 0.5, 8.5 ],
    "faces": {
        "down":  { "uv": [ 6.5, 8, 9, 7.5 ], "texture": "#hammer2" },
        "up":    { "uv": [ 6.5, 7.5, 9, 8 ], "texture": "#hammer2" },
        "north": { "uv": [ 9, 7.5, 6.5, 8 ], "texture": "#hammer2" },
        "south": { "uv": [ 6.5, 7.5, 9, 8 ], "texture": "#hammer2" },
        "west":  { "uv": [ 6.5, 7.5, 7, 8 ], "texture": "#hammer2" },
        "east":  { "uv": [ 9, 7.5, 8.5, 8 ], "texture": "#hammer2" }
    }
},
{
    "__comment": "hammer2 x32",
    "from": [ 6.5, -3, 7.5 ],
    "to": [ 9, -1, 8.5 ],
    "faces": {
        "down":  { "uv": [ 6.5, 11, 9, 10.5 ], "texture": "#hammer2" },
        "up":    { "uv": [ 6.5, 9, 9, 9.5 ], "texture": "#hammer2" },
        "north": { "uv": [ 9, 9, 6.5, 11 ], "texture": "#hammer2" },
        "south": { "uv": [ 6.5, 9, 9, 11 ], "texture": "#hammer2" },
        "west":  { "uv": [ 6.5, 9, 7, 11 ], "texture": "#hammer2" },
        "east":  { "uv": [ 9, 9, 8.5, 11 ], "texture": "#hammer2" }
    }
},
{
    "__comment": "hammer2 x32",
    "from": [ 7, 7, 7.5 ],
    "to": [ 8.5, 8, 8.5 ],
    "faces": {
        "down":  { "uv": [ 7, 1, 8.5, 0.5 ], "texture": "#hammer2" },
        "up":    { "uv": [ 7, 0, 8.5, 0.5 ], "texture": "#hammer2" },
        "north": { "uv": [ 8.5, 0, 7, 1 ], "texture": "#hammer2" },
        "south": { "uv": [ 7, 0, 8.5, 1 ], "texture": "#hammer2" },
        "west":  { "uv": [ 7, 0, 7.5, 1 ], "texture": "#hammer2" },
        "east":  { "uv": [ 8.5, 0, 8, 1 ], "texture": "#hammer2" }
    }
},
{
    "__comment": "hammer2 x32",
    "from": [ 7, 6, 7.5 ],
    "to": [ 8.5, 6.5, 8.5 ],
    "faces": {
        "down":  { "uv": [ 7, 2, 8.5, 1.5 ], "texture": "#hammer2" },
        "up":    { "uv": [ 7, 1.5, 8.5, 2 ], "texture": "#hammer2" },
        "north": { "uv": [ 8.5, 1.5, 7, 2 ], "texture": "#hammer2" },
        "south": { "uv": [ 7, 1.5, 8.5, 2 ], "texture": "#hammer2" },
        "west":  { "uv": [ 7, 1.5, 7.5, 2 ], "texture": "#hammer2" },
        "east":  { "uv": [ 8.5, 1.5, 8, 2 ], "texture": "#hammer2" }
    }
},
{
    "__comment": "hammer2 x32",
    "from": [ 7, 0.5, 7.5 ],
    "to": [ 8.5, 1, 8.5 ],
    "faces": {
        "down":  { "uv": [ 7, 7.5, 8.5, 7 ], "texture": "#hammer2" },
        "up":    { "uv": [ 7, 7, 8.5, 7.5 ], "texture": "#hammer2" },
        "north": { "uv": [ 8.5, 7, 7, 7.5 ], "texture": "#hammer2" },
        "south": { "uv": [ 7, 7, 8.5, 7.5 ], "texture": "#hammer2" },
        "west":  { "uv": [ 7, 7, 7.5, 7.5 ], "texture": "#hammer2" },
        "east":  { "uv": [ 8.5, 7, 8, 7.5 ], "texture": "#hammer2" }
    }
},
{
    "__comment": "hammer2 x32",
    "from": [ 7, -1, 7.5 ],
    "to": [ 8.5, 0, 8.5 ],
    "faces": {
        "down":  { "uv": [ 7, 9, 8.5, 8.5 ], "texture": "#hammer2" },
        "up":    { "uv": [ 7, 8, 8.5, 8.5 ], "texture": "#hammer2" },
        "north": { "uv": [ 8.5, 8, 7, 9 ], "texture": "#hammer2" },
        "south": { "uv": [ 7, 8, 8.5, 9 ], "texture": "#hammer2" },
        "west":  { "uv": [ 7, 8, 7.5, 9 ], "texture": "#hammer2" },
        "east":  { "uv": [ 8.5, 8, 8, 9 ], "texture": "#hammer2" }
    }
},
{
    "__comment": "hammer2 x32",
    "from": [ 7, -3.5, 7.5 ],
    "to": [ 8.5, -3, 8.5 ],
    "faces": {
        "down":  { "uv": [ 7, 11.5, 8.5, 11 ], "texture": "#hammer2" },
        "up":    { "uv": [ 7, 11, 8.5, 11.5 ], "texture": "#hammer2" },
        "north": { "uv": [ 8.5, 11, 7, 11.5 ], "texture": "#hammer2" },
        "south": { "uv": [ 7, 11, 8.5, 11.5 ], "texture": "#hammer2" },
        "west":  { "uv": [ 7, 11, 7.5, 11.5 ], "texture": "#hammer2" },
        "east":  { "uv": [ 8.5, 11, 8, 11.5 ], "texture": "#hammer2" }
    }
},
{
    "__comment": "hammer x32",
    "from": [ 2, 21.5, 7.5 ],
    "to": [ 4.5, 23, 8.5 ],
    "faces": {
        "down":  { "uv": [ 2, 2.5, 4.5, 2 ], "texture": "#texture" },
        "up":    { "uv": [ 2, 1, 4.5, 1.5 ], "texture": "#texture" },
        "north": { "uv": [ 4.5, 1, 2, 2.5 ], "texture": "#texture" },
        "south": { "uv": [ 2, 1, 4.5, 2.5 ], "texture": "#texture" },
        "west":  { "uv": [ 2, 1, 2.5, 2.5 ], "texture": "#texture" },
        "east":  { "uv": [ 4.5, 1, 4, 2.5 ], "texture": "#texture" }
    }
},
{
    "__comment": "hammer x32",
    "from": [ 2, 15.5, 7.5 ],
    "to": [ 5, 16.5, 8.5 ],
    "faces": {
        "down":  { "uv": [ 2, 8.5, 5, 8 ], "texture": "#texture" },
        "up":    { "uv": [ 2, 7.5, 5, 8 ], "texture": "#texture" },
        "north": { "uv": [ 5, 7.5, 2, 8.5 ], "texture": "#texture" },
        "south": { "uv": [ 2, 7.5, 5, 8.5 ], "texture": "#texture" },
        "west":  { "uv": [ 2, 7.5, 2.5, 8.5 ], "texture": "#texture" },
        "east":  { "uv": [ 5, 7.5, 4.5, 8.5 ], "texture": "#texture" }
    }
},
{
    "__comment": "hammer x32",
    "from": [ 2.5, 23, 7.5 ],
    "to": [ 4, 23.5, 8.5 ],
    "faces": {
        "down":  { "uv": [ 2.5, 1, 4, 0.5 ], "texture": "#texture" },
        "up":    { "uv": [ 2.5, 0.5, 4, 1 ], "texture": "#texture" },
        "north": { "uv": [ 4, 0.5, 2.5, 1 ], "texture": "#texture" },
        "south": { "uv": [ 2.5, 0.5, 4, 1 ], "texture": "#texture" },
        "west":  { "uv": [ 2.5, 0.5, 3, 1 ], "texture": "#texture" },
        "east":  { "uv": [ 4, 0.5, 3.5, 1 ], "texture": "#texture" }
    }
},
{
    "__comment": "hammer x32",
    "from": [ 2.5, 16.5, 7.5 ],
    "to": [ 13.5, 21.5, 8.5 ],
    "faces": {
        "down":  { "uv": [ 2.5, 7.5, 13.5, 7 ], "texture": "#texture" },
        "up":    { "uv": [ 2.5, 2.5, 13.5, 3 ], "texture": "#texture" },
        "north": { "uv": [ 13.5, 2.5, 2.5, 7.5 ], "texture": "#texture" },
        "south": { "uv": [ 2.5, 2.5, 13.5, 7.5 ], "texture": "#texture" },
        "west":  { "uv": [ 2.5, 2.5, 3, 7.5 ], "texture": "#texture" },
        "east":  { "uv": [ 13.5, 2.5, 13, 7.5 ], "texture": "#texture" }
    }
},
{
    "__comment": "hammer x32",
    "from": [ 4.5, 21.5, 7.5 ],
    "to": [ 5, 22.5, 8.5 ],
    "faces": {
        "down":  { "uv": [ 4.5, 2.5, 5, 2 ], "texture": "#texture" },
        "up":    { "uv": [ 4.5, 1.5, 5, 2 ], "texture": "#texture" },
        "north": { "uv": [ 5, 1.5, 4.5, 2.5 ], "texture": "#texture" },
        "south": { "uv": [ 4.5, 1.5, 5, 2.5 ], "texture": "#texture" },
        "west":  { "uv": [ 4.5, 1.5, 5, 2.5 ], "texture": "#texture" },
        "east":  { "uv": [ 5, 1.5, 4.5, 2.5 ], "texture": "#texture" }
    }
},
{
    "__comment": "hammer x32",
    "from": [ 5, 16, 7.5 ],
    "to": [ 13.5, 16.5, 8.5 ],
    "faces": {
        "down":  { "uv": [ 5, 8, 13.5, 7.5 ], "texture": "#texture" },
        "up":    { "uv": [ 5, 7.5, 13.5, 8 ], "texture": "#texture" },
        "north": { "uv": [ 13.5, 7.5, 5, 8 ], "texture": "#texture" },
        "south": { "uv": [ 5, 7.5, 13.5, 8 ], "texture": "#texture" },
        "west":  { "uv": [ 5, 7.5, 5.5, 8 ], "texture": "#texture" },
        "east":  { "uv": [ 13.5, 7.5, 13, 8 ], "texture": "#texture" }
    }
},
{
    "__comment": "hammer x32",
    "from": [ 6, 21.5, 7.5 ],
    "to": [ 9.5, 22, 8.5 ],
    "faces": {
        "down":  { "uv": [ 6, 2.5, 9.5, 2 ], "texture": "#texture" },
        "up":    { "uv": [ 6, 2, 9.5, 2.5 ], "texture": "#texture" },
        "north": { "uv": [ 9.5, 2, 6, 2.5 ], "texture": "#texture" },
        "south": { "uv": [ 6, 2, 9.5, 2.5 ], "texture": "#texture" },
        "west":  { "uv": [ 6, 2, 6.5, 2.5 ], "texture": "#texture" },
        "east":  { "uv": [ 9.5, 2, 9, 2.5 ], "texture": "#texture" }
    }
},
{
    "__comment": "hammer x32",
    "from": [ 6, 15, 7.5 ],
    "to": [ 10, 16, 8.5 ],
    "faces": {
        "down":  { "uv": [ 6, 9, 10, 8.5 ], "texture": "#texture" },
        "up":    { "uv": [ 6, 8, 10, 8.5 ], "texture": "#texture" },
        "north": { "uv": [ 10, 8, 6, 9 ], "texture": "#texture" },
        "south": { "uv": [ 6, 8, 10, 9 ], "texture": "#texture" },
        "west":  { "uv": [ 6, 8, 6.5, 9 ], "texture": "#texture" },
        "east":  { "uv": [ 10, 8, 9.5, 9 ], "texture": "#texture" }
    }
},
{
    "__comment": "hammer x32",
    "from": [ 6.5, 13, 7.5 ],
    "to": [ 9, 15, 8.5 ],
    "faces": {
        "down":  { "uv": [ 6.5, 11, 9, 10.5 ], "texture": "#texture" },
        "up":    { "uv": [ 6.5, 9, 9, 9.5 ], "texture": "#texture" },
        "north": { "uv": [ 9, 9, 6.5, 11 ], "texture": "#texture" },
        "south": { "uv": [ 6.5, 9, 9, 11 ], "texture": "#texture" },
        "west":  { "uv": [ 6.5, 9, 7, 11 ], "texture": "#texture" },
        "east":  { "uv": [ 9, 9, 8.5, 11 ], "texture": "#texture" }
    }
},
{
    "__comment": "hammer x32",
    "from": [ 6.5, 9.5, 7.5 ],
    "to": [ 9, 11.5, 8.5 ],
    "faces": {
        "down":  { "uv": [ 6.5, 14.5, 9, 14 ], "texture": "#texture" },
        "up":    { "uv": [ 6.5, 12.5, 9, 13 ], "texture": "#texture" },
        "north": { "uv": [ 9, 12.5, 6.5, 14.5 ], "texture": "#texture" },
        "south": { "uv": [ 6.5, 12.5, 9, 14.5 ], "texture": "#texture" },
        "west":  { "uv": [ 6.5, 12.5, 7, 14.5 ], "texture": "#texture" },
        "east":  { "uv": [ 9, 12.5, 8.5, 14.5 ], "texture": "#texture" }
    }
},
{
    "__comment": "hammer x32",
    "from": [ 7, 11.5, 7.5 ],
    "to": [ 8.5, 13, 8.5 ],
    "faces": {
        "down":  { "uv": [ 7, 12.5, 8.5, 12 ], "texture": "#texture" },
        "up":    { "uv": [ 7, 11, 8.5, 11.5 ], "texture": "#texture" },
        "north": { "uv": [ 8.5, 11, 7, 12.5 ], "texture": "#texture" },
        "south": { "uv": [ 7, 11, 8.5, 12.5 ], "texture": "#texture" },
        "west":  { "uv": [ 7, 11, 7.5, 12.5 ], "texture": "#texture" },
        "east":  { "uv": [ 8.5, 11, 8, 12.5 ], "texture": "#texture" }
    }
},
{
    "__comment": "hammer x32",
    "from": [ 7, 8, 7.5 ],
    "to": [ 8.5, 9.5, 8.5 ],
    "faces": {
        "down":  { "uv": [ 7, 16, 8.5, 15.5 ], "texture": "#texture" },
        "up":    { "uv": [ 7, 14.5, 8.5, 15 ], "texture": "#texture" },
        "north": { "uv": [ 8.5, 14.5, 7, 16 ], "texture": "#texture" },
        "south": { "uv": [ 7, 14.5, 8.5, 16 ], "texture": "#texture" },
        "west":  { "uv": [ 7, 14.5, 7.5, 16 ], "texture": "#texture" },
        "east":  { "uv": [ 8.5, 14.5, 8, 16 ], "texture": "#texture" }
    }
},
{
    "__comment": "hammer x32",
    "from": [ 7.5, 22, 7.5 ],
    "to": [ 8.5, 23.5, 8.5 ],
    "faces": {
        "down":  { "uv": [ 7.5, 2, 8.5, 1.5 ], "texture": "#texture" },
        "up":    { "uv": [ 7.5, 0.5, 8.5, 1 ], "texture": "#texture" },
        "north": { "uv": [ 8.5, 0.5, 7.5, 2 ], "texture": "#texture" },
        "south": { "uv": [ 7.5, 0.5, 8.5, 2 ], "texture": "#texture" },
        "west":  { "uv": [ 7.5, 0.5, 8, 2 ], "texture": "#texture" },
        "east":  { "uv": [ 8.5, 0.5, 8, 2 ], "texture": "#texture" }
    }
},
{
    "__comment": "hammer x32",
    "from": [ 8, 23.5, 7.5 ],
    "to": [ 8.5, 24, 8.5 ],
    "faces": {
        "down":  { "uv": [ 8, 0.5, 8.5, 0 ], "texture": "#texture" },
        "up":    { "uv": [ 8, 0, 8.5, 0.5 ], "texture": "#texture" },
        "north": { "uv": [ 8.5, 0, 8, 0.5 ], "texture": "#texture" },
        "south": { "uv": [ 8, 0, 8.5, 0.5 ], "texture": "#texture" },
        "west":  { "uv": [ 8, 0, 8.5, 0.5 ], "texture": "#texture" },
        "east":  { "uv": [ 8.5, 0, 8, 0.5 ], "texture": "#texture" }
    }
},
{
    "__comment": "hammer x32",
    "from": [ 8.5, 11.5, 7.5 ],
    "to": [ 9, 12.5, 8.5 ],
    "faces": {
        "down":  { "uv": [ 8.5, 12.5, 9, 12 ], "texture": "#texture" },
        "up":    { "uv": [ 8.5, 11.5, 9, 12 ], "texture": "#texture" },
        "north": { "uv": [ 9, 11.5, 8.5, 12.5 ], "texture": "#texture" },
        "south": { "uv": [ 8.5, 11.5, 9, 12.5 ], "texture": "#texture" },
        "west":  { "uv": [ 8.5, 11.5, 9, 12.5 ], "texture": "#texture" },
        "east":  { "uv": [ 9, 11.5, 8.5, 12.5 ], "texture": "#texture" }
    }
},
{
    "__comment": "hammer x32",
    "from": [ 9, 14, 7.5 ],
    "to": [ 9.5, 15, 8.5 ],
    "faces": {
        "down":  { "uv": [ 9, 10, 9.5, 9.5 ], "texture": "#texture" },
        "up":    { "uv": [ 9, 9, 9.5, 9.5 ], "texture": "#texture" },
        "north": { "uv": [ 9.5, 9, 9, 10 ], "texture": "#texture" },
        "south": { "uv": [ 9, 9, 9.5, 10 ], "texture": "#texture" },
        "west":  { "uv": [ 9, 9, 9.5, 10 ], "texture": "#texture" },
        "east":  { "uv": [ 9.5, 9, 9, 10 ], "texture": "#texture" }
    }
},
{
    "__comment": "hammer x32",
    "from": [ 10, 15.5, 7.5 ],
    "to": [ 10.5, 16, 8.5 ],
    "faces": {
        "down":  { "uv": [ 10, 8.5, 10.5, 8 ], "texture": "#texture" },
        "up":    { "uv": [ 10, 8, 10.5, 8.5 ], "texture": "#texture" },
        "north": { "uv": [ 10.5, 8, 10, 8.5 ], "texture": "#texture" },
        "south": { "uv": [ 10, 8, 10.5, 8.5 ], "texture": "#texture" },
        "west":  { "uv": [ 10, 8, 10.5, 8.5 ], "texture": "#texture" },
        "east":  { "uv": [ 10.5, 8, 10, 8.5 ], "texture": "#texture" }
    }
},
{
    "__comment": "hammer x32",
    "from": [ 11.5, 21.5, 7.5 ],
    "to": [ 14, 22.5, 8.5 ],
    "faces": {
        "down":  { "uv": [ 11.5, 2.5, 14, 2 ], "texture": "#texture" },
        "up":    { "uv": [ 11.5, 1.5, 14, 2 ], "texture": "#texture" },
        "north": { "uv": [ 14, 1.5, 11.5, 2.5 ], "texture": "#texture" },
        "south": { "uv": [ 11.5, 1.5, 14, 2.5 ], "texture": "#texture" },
        "west":  { "uv": [ 11.5, 1.5, 12, 2.5 ], "texture": "#texture" },
        "east":  { "uv": [ 14, 1.5, 13.5, 2.5 ], "texture": "#texture" }
    }
},
{
    "__comment": "hammer x32",
    "from": [ 11.5, 15.5, 7.5 ],
    "to": [ 13.5, 16, 8.5 ],
    "faces": {
        "down":  { "uv": [ 11.5, 8.5, 13.5, 8 ], "texture": "#texture" },
        "up":    { "uv": [ 11.5, 8, 13.5, 8.5 ], "texture": "#texture" },
        "north": { "uv": [ 13.5, 8, 11.5, 8.5 ], "texture": "#texture" },
        "south": { "uv": [ 11.5, 8, 13.5, 8.5 ], "texture": "#texture" },
        "west":  { "uv": [ 11.5, 8, 12, 8.5 ], "texture": "#texture" },
        "east":  { "uv": [ 13.5, 8, 13, 8.5 ], "texture": "#texture" }
    }
},
{
    "__comment": "hammer x32",
    "from": [ 13.5, 20, 7.5 ],
    "to": [ 14, 21.5, 8.5 ],
    "faces": {
        "down":  { "uv": [ 13.5, 4, 14, 3.5 ], "texture": "#texture" },
        "up":    { "uv": [ 13.5, 2.5, 14, 3 ], "texture": "#texture" },
        "north": { "uv": [ 14, 2.5, 13.5, 4 ], "texture": "#texture" },
        "south": { "uv": [ 13.5, 2.5, 14, 4 ], "texture": "#texture" },
        "west":  { "uv": [ 13.5, 2.5, 14, 4 ], "texture": "#texture" },
        "east":  { "uv": [ 14, 2.5, 13.5, 4 ], "texture": "#texture" }
    }
}
],
"display": {
    "thirdperson_righthand": {
        "rotation": [ 0, 90, 0 ],
        "translation": [ 0, 0, 1.32 ],
        "scale": [ 1, 1, 1 ]
    },
    "thirdperson_lefthand": {
        "rotation": [ 0, -90, 0 ],
        "translation": [ 0, 0, 1.32 ],
        "scale": [ 1, 1, 1 ]
    },
    "ground": {
        "rotation": [ 0, 0, 45 ],
        "translation": [ 0, 5.67, 0 ],
        "scale": [ 0.5, 0.5, 0.5 ]
    },
    "fixed": {
        "rotation": [ 0, 0, 45 ],
        "translation": [ 2.46, -1.13, -0.76 ],
        "scale": [ 0.75, 0.75, 0.75 ]
    },
    "firstperson_righthand": {
        "rotation": [ 0, 106, 0 ],
        "translation": [ 0, 0.94, 0.94 ],
        "scale": [ 1, 1, 1 ]
    },
    "firstperson_lefthand": {
        "rotation": [ 0, 106, 0 ],
        "translation": [ 0, 0.94, 0.94 ],
        "scale": [ 1, 1, 1 ]
    },
    "gui": {
        "rotation": [ 0, 0, -45 ],
        "translation": [ -1.32, -1.13, 0 ],
        "scale": [ 0.5, 0.5, 0.5 ]
    }
}
}