{
    "parent": "item/dagger",
    "textures": {
        "layer0": "weapons/dagger/earth3"
	},
    "display": {
        "thirdperson_righthand": {
            "rotation": [ 0, -90, 10 ],
            "translation": [ 0, 1.0, 1.75 ],
            "scale": [ 0.75, 0.75, 0.75 ]
        },
        "thirdperson_lefthand": {
            "rotation": [ 0, 90, -55 ],
            "translation": [ 0, 5.0, 0.5 ],
            "scale": [ 1.25, 1.25, 1.25 ]
        },
        "firstperson_righthand": {
            "rotation": [ 0, -90, 25 ],
            "translation": [ 1.30, 2.5, 0 ],
            "scale": [ 1, 1, 1 ]
        },
        "firstperson_lefthand": {
            "rotation": [ 0, 90, -25 ],
            "translation": [ 1.13, 3.2, 1.13 ],
            "scale": [ 1.25, 1.25, 1.25 ]
        }
	}
}