{
   "parent":"item/handheld",
   "textures":{
      "layer0":"items/diamond_shovel"
   },
   "overrides":[
      {
         "predicate":{
            "damage":0.00064020486
         },
         "model":"item/wynn/food_set_1/chicken_leg_staff"
      },
      {
         "predicate":{
            "damage":0.00128040973
         },
         "model":"item/wynn/food_set_1/kebab_spear"
      },
      {
         "predicate":{
            "damage":0.0019206146
         },
         "model":"item/wynn/food_set_1/swordfish_sword"
      },
      {
         "predicate":{
            "damage":0.00256081946
         },
         "model":"item/wynn/food_set_1/banana_bow"
      },
      {
         "predicate":{
            "damage":0.00320102433
         },
         "model":"item/wynn/flaming_set/flaming_sword"
      },
      {
         "predicate":{
            "damage":0.00384122919
         },
         "model":"item/wynn/flaming_set/flaming_hammer"
      },
      {
         "predicate":{
            "damage":0.00448143406
         },
         "model":"item/wynn/flaming_set/flaming_wand"
      },
      {
         "predicate":{
            "damage":0.00512163892
         },
         "model":"item/wynn/flaming_set/flaming_bow"
      },
      {
         "predicate":{
            "damage":0.00576184379
         },
         "model":"item/wynn/evil_set/evil_wand"
      },
      {
         "predicate":{
            "damage":0.00640204866
         },
         "model":"item/wynn/evil_set/evil_dagger"
      },
      {
         "predicate":{
            "damage":0.00704225352
         },
         "model":"item/wynn/evil_set/evil_spear"
      },
      {
         "predicate":{
            "damage":0.00768245839
         },
         "model":"item/wynn/evil_set/evil_bow"
      },
      {
         "predicate":{
            "damage":0.00832266325
         },
         "model":"item/wynn/holy_set/holy_dagger"
      },
      {
         "predicate":{
            "damage":0.00896286812
         },
         "model":"item/wynn/holy_set/holy_hammer"
      },
      {
         "predicate":{
            "damage":0.00960307298
         },
         "model":"item/wynn/holy_set/holy_wand"
      },
      {
         "predicate":{
            "damage":0.0102432778
         },
         "model":"item/wynn/holy_set/holy_bow"
      },
      {
         "predicate":{
            "damage":0.0108834827
         },
         "model":"item/wynn/lotr_set/lotr_dagger"
      },
      {
         "predicate":{
            "damage":0.0115236876
         },
         "model":"item/wynn/lotr_set/lotr_staff"
      },
      {
         "predicate":{
            "damage":0.0121638924
         },
         "model":"item/wynn/lotr_set/lotr_wand"
      },
      {
         "predicate":{
            "damage":0.0128040973
         },
         "model":"item/wynn/lotr_set/lotr_bow"
      },
      {
         "predicate":{
            "damage":0.0134443022
         },
         "model":"item/wynn/money_set/money_bow"
      },
      {
         "predicate":{
            "damage":0.014084507
         },
         "model":"item/wynn/money_set/money_wand"
      },
      {
         "predicate":{
            "damage":0.0147247119
         },
         "model":"item/wynn/money_set/money_spear"
      },
      {
         "predicate":{
            "damage":0.0153649168
         },
         "model":"item/wynn/money_set/money_dagger"
      },
      {
         "predicate":{
            "damage":0.01600512166
         },
         "model":"item/wynn/pan"
      }
   ]
}
