{
   "parent":"item/handheld",
   "textures":{
      "layer0":"items/diamond_pickaxe"
   },
   "overrides":[
      {
         "predicate":{
            "damage":0.0006406149903907751
         },
         "model":"item/wynn/skins/dagger/banana_dagger_model"
      },
      {
         "predicate":{
            "damage":0.0012812299807815502
         },
         "model":"item/wynn/skins/spear/steampunk_spear_model"
      },
      {
         "predicate":{
            "damage":0.0019218449711723253
         },
         "model":"item/wynn/skins/wand/steampunk_wand_model"
      },
      {
         "predicate":{
            "damage":0.0025624599615631004
         },
         "model":"item/wynn/skins/dagger/scifi_dagger_model"
      },
      {
         "predicate":{
            "damage":0.0032030749519538755
         },
         "model":"item/wynn/skins/spear/scifi_spear_model"
      },
      {
         "predicate":{
            "damage":0.0038436899423446506
         },
         "model":"item/wynn/skins/wand/scifi_wand_model"
      },
      {
         "predicate":{
            "damage":0.0044843049327354257
         },
         "model":"item/wynn/skins/dagger/steampunk_dagger_model"
      },
      {
         "predicate":{
            "damage":0.0051249199231262008
         },
         "model":"item/wynn/skins/bow/steampunk_bow_model"
      },
      {
         "predicate":{
            "damage":0.0057655349135169759
         },
         "model":"item/wynn/skins/bow/scifi_bow_model"
      },
      {
         "predicate":{
            "damage":0.006406149903907751
         },
         "model":"item/wynn/skins/dagger/rainbow_dagger_model"
      },
      {
         "predicate":{
            "damage":0.007046764894298520
         },
         "model":"item/wynn/skins/spear/spear_corrupted"
      },
      {
         "predicate":{
            "damage":0.00768737988468931
         },
         "model":"item/wynn/skins/wand/wand_corrupted"
      },
      {
         "predicate":{
            "damage":0.008327994875080071
         },
         "model":"item/wynn/skins/dagger/dagger_corrupted"
      },
      {
         "predicate":{
            "damage":0.008968609865470851
         },
         "model":"item/wynn/skins/bow/bow_corrupted"
     },
     {
        "predicate":{
           "damage":0.00960922485
        },
        "model":"item/wynn/skins/bow/bow_frost"
    },
    {
       "predicate":{
          "damage":0.01024983984
       },
       "model":"item/wynn/skins/spear/spear_frost"
   },
   {
      "predicate":{
         "damage":0.01089045483
      },
      "model":"item/wynn/skins/wand/wand_frost"
  },
  {
     "predicate":{
        "damage":0.01153106982
     },
     "model":"item/wynn/skins/dagger/dagger_frost"
 }
   ]
}
