{
	"__createdwith": "opl's Model Creator",
	"ambientocclusion": false,
	"textures": {
		"wings": "wynn/wings"
	},
	"elements": [
		{
			"from": [7,-2,10],
			"to": [7,14,26],
			"rotation": { "origin": [ 7, 0, 10 ], "axis": "y", "angle": -45, "rescale": false },
			"faces": {
				"west": {
					"uv": [16,0,0,16],
					"texture": "#wings"
				},
				"east": {
					"uv": [0,0,16,16],
					"texture": "#wings"
				}
			}
		},
		{
			"from": [9,-2,10],
			"to": [9,14,26],
			"rotation": { "origin": [ 9, 0, 10 ], "axis": "y", "angle": 45, "rescale": false },
			"faces": {
				"west": {
					"uv": [16,0,0,16],
					"texture": "#wings"
				},
				"east": {
					"uv": [0,0,16,16],
					"texture": "#wings"
				}
			}
		}
	],
	"display": {
		"thirdperson_righthand": {
			"rotation": [ 0, 0, 0 ],
			"translation": [ -6.5, -6, 5.67 ],
			"scale": [ 2, 2, 2 ]
		},
		"thirdperson_lefthand": {
			"rotation": [ 0, 0, 0 ],
			"translation": [ 6.5, -6, 5.67 ],
			"scale": [ 2, 2, 2 ]
		},
		"fixed": {
			"rotation": [ 0, 180, 0 ],
			"translation": [ 0, 0, 0 ],
			"scale": [ 1, 1, 1 ]
		},
		"head": {
			"rotation": [ 0, 0, 0 ],
			"translation": [ 0, -4, -1.5 ],
			"scale": [ 3, 3, 3 ]
		},
		"gui": {
			"rotation": [ 0, 0, 0 ],
			"translation": [ 0, 0, 0 ],
			"scale": [ 1, 1, 1 ]
		}
	}
}