{
    "parent": "item/handheld",
    "textures": {
        "layer0": "weapons/dagger/thunder2"
    },
    "display": {
        "thirdperson_righthand": {
            "rotation": [ -90, 0, 45 ],
            "translation": [ 0, 0.5, 1 ],
            "scale": [ 0.9, 0.9, 0.9 ]
        },
        "thirdperson_lefthand": {
            "rotation": [ -80, -280, 40 ],
            "translation": [ -1, -2, 2.5 ],
            "scale": [ 0.9, 0.9, 0.9 ]
        },
        "firstperson_righthand": {
            "rotation": [ -55, -90, 25 ],
            "translation": [ 1.30, 7, 0 ],
            "scale": [ 1, 1, 1 ]
        },
        "firstperson_lefthand": {
            "rotation": [ 0, 90, -25 ],
            "translation": [ 1.13, 3.2, 1.13 ],
            "scale": [ 1.25, 1.25, 1.25 ]
        }
	}
}