{
    "parent": "item/handheld",
    "textures": {
        "layer0": "weapons/dagger/default1"
    },
    "display": {
        "thirdperson_righthand": {
            "rotation": [ 0, -90, 45 ],
            "translation": [ 0, 4.0, 2 ],
            "scale": [ 0.75, 0.75, 0.75 ]
        },
        "thirdperson_lefthand": {
            "rotation": [ 0, 90, -55 ],
            "translation": [ 0, 4.0, 0.5 ],
            "scale": [ 1.25, 1.25, 1.25 ]
        },
        "firstperson_righthand": {
            "rotation": [ -55, -90, 25 ],
            "translation": [ 1.50, 3.5, 0 ],
            "scale": [ 0.75, 0.75, 0.75 ]
        },
        "firstperson_lefthand": {
            "rotation": [ 55, 90, -25 ],
            "translation": [ 1.13, 3.2, 1.13 ],
            "scale": [ 0.75, 0.755, 0.75 ]
        }
	}
}
