{
    "__createdwith": "opl's Model Creator",
    "ambientocclusion": false,
    "textures": {
        "top": "wynn/candle_pillar_top",
        "bottom": "wynn/candle_pillar_bottom",
        "candle": "wynn/rtorch_on",
        "particle": "blocks/wool_colored_black",
        "holder": "wynn/candle_wall",
        "flame": "wynn/candle_flame"
    },
    "elements": [
        {
            "from": [6,21,6],
            "to": [10,22,10],
            "faces": {
                "up": {
                    "uv": [0,12,4,16],
                    "texture": "#holder"
                },
                "down": {
                    "uv": [0,12,4,16],
                    "texture": "#holder"
                },
                "west": {
                    "uv": [0,11,4,12],
                    "texture": "#holder"
                },
                "east": {
                    "uv": [0,11,4,12],
                    "texture": "#holder"
                },
                "north": {
                    "uv": [0,11,4,12],
                    "texture": "#holder"
                },
                "south": {
                    "uv": [0,11,4,12],
                    "texture": "#holder"
                }
            }
        },
        {
            "from": [5,20,5],
            "to": [11,21,11],
            "faces": {
                "up": {
                    "uv": [4,8,10,14],
                    "texture": "#holder"
                },
                "down": {
                    "uv": [4,8,10,14],
                    "texture": "#holder"
                },
                "west": {
                    "uv": [10,13,16,14],
                    "texture": "#holder"
                },
                "east": {
                    "uv": [10,13,16,14],
                    "texture": "#holder"
                },
                "north": {
                    "uv": [10,13,16,14],
                    "texture": "#holder"
                },
                "south": {
                    "uv": [10,13,16,14],
                    "texture": "#holder"
                }
            }
        },
        {
            "from": [6,22,6],
            "to": [10,28,10],
            "faces": {
                "up": {
                    "uv": [0,12,4,16],
                    "texture": "#candle"
                },
                "west": {
                    "uv": [6,10,10,16],
                    "texture": "#candle"
                },
                "east": {
                    "uv": [6,10,10,16],
                    "texture": "#candle"
                },
                "north": {
                    "uv": [6,10,10,16],
                    "texture": "#candle"
                },
                "south": {
                    "uv": [6,10,10,16],
                    "texture": "#candle"
                }
            }
        },
        {
            "from": [7.5,28,7.5],
            "to": [8.5,29,8.5],
            "faces": {
                "up": {
                    "uv": [8,9,9,10],
                    "texture": "#candle"
                },
                "west": {
                    "uv": [8,9,9,10],
                    "texture": "#candle"
                },
                "east": {
                    "uv": [8,9,9,10],
                    "texture": "#candle"
                },
                "north": {
                    "uv": [8,9,9,10],
                    "texture": "#candle"
                },
                "south": {
                    "uv": [8,9,9,10],
                    "texture": "#candle"
                }
            }
        },
        {
            "from": [7,0,0],
            "to": [9,16,16],
            "faces": {
                "west": {
                    "texture": "#bottom"
                },
                "east": {
                    "texture": "#bottom"
                }
            }
        },
        {
            "from": [0,0,7],
            "to": [16,16,9],
            "faces": {
                "north": {
                    "texture": "#bottom"
                },
                "south": {
                    "texture": "#bottom"
                }
            }
        },
        {
            "from": [7,16,7],
            "to": [9,23,9],
            "faces": {
                "west": {
                    "uv": [7,9,9,16],
                    "texture": "#top"
                },
                "east": {
                    "uv": [7,9,9,16],
                    "texture": "#top"
                },
                "north": {
                    "uv": [7,9,9,16],
                    "texture": "#top"
                },
                "south": {
                    "uv": [7,9,9,16],
                    "texture": "#top"
                }
            }
        },
        {
            "from": [6,19,6],
            "to": [10,20,10],
            "faces": {
                "up": {
                    "uv": [0,12,4,16],
                    "texture": "#holder"
                },
                "down": {
                    "uv": [0,12,4,16],
                    "texture": "#holder"
                },
                "west": {
                    "uv": [0,11,4,12],
                    "texture": "#holder"
                },
                "east": {
                    "uv": [0,11,4,12],
                    "texture": "#holder"
                },
                "north": {
                    "uv": [0,11,4,12],
                    "texture": "#holder"
                },
                "south": {
                    "uv": [0,11,4,12],
                    "texture": "#holder"
                }
            }
        },
        {
            "from": [6,13,6],
            "to": [10,14,10],
            "faces": {
                "up": {
                    "uv": [0,12,4,16],
                    "texture": "#holder"
                },
                "down": {
                    "uv": [0,12,4,16],
                    "texture": "#holder"
                },
                "west": {
                    "uv": [0,11,4,12],
                    "texture": "#holder"
                },
                "east": {
                    "uv": [0,11,4,12],
                    "texture": "#holder"
                },
                "north": {
                    "uv": [0,11,4,12],
                    "texture": "#holder"
                },
                "south": {
                    "uv": [0,11,4,12],
                    "texture": "#holder"
                }
            }
        },
        {
            "from": [6,8,6],
            "to": [10,9,10],
            "faces": {
                "up": {
                    "uv": [0,12,4,16],
                    "texture": "#holder"
                },
                "down": {
                    "uv": [0,12,4,16],
                    "texture": "#holder"
                },
                "west": {
                    "uv": [0,11,4,12],
                    "texture": "#holder"
                },
                "east": {
                    "uv": [0,11,4,12],
                    "texture": "#holder"
                },
                "north": {
                    "uv": [0,11,4,12],
                    "texture": "#holder"
                },
                "south": {
                    "uv": [0,11,4,12],
                    "texture": "#holder"
                }
            }
        },
        {
            "from": [7.9,28,6],
            "to": [8.1,32,10],
			"shade": false,
			"rotation": { "origin": [ 8, 8, 8 ], "axis": "y", "angle": 45, "rescale": true },
            "faces": {
                "west": {
                    "uv": [0.0,0.0,16.0,16.0],
                    "texture": "#flame"
                },
                "east": {
                    "uv": [0.0,0.0,16.0,16.0],
                    "texture": "#flame"
                }
            }
        },
        {
            "from": [6,28,7.9],
            "to": [10,32,8.1],
			"shade": false,
			"rotation": { "origin": [ 8, 8, 8 ], "axis": "y", "angle": 45, "rescale": true },
            "faces": {
                "north": {
                    "uv": [0.0,0.0,16.0,16.0],
                    "texture": "#flame"
                },
                "south": {
                    "uv": [0.0,0.0,16.0,16.0],
                    "texture": "#flame"
                }
            }
        }
    ]
}