{
"__comment": "Designed by MasterianoX",
"textures": {
    "particle": "wynn/weapons/sets/lotr_set/lotr_dagger",
    "texture": "wynn/weapons/sets/lotr_set/lotr_dagger"
},
"elements": [ 
{
    "from": [ 7.25, 3.75, 7.75 ],
    "to": [ 7.5, 4, 8.25 ],
    "faces": {
        "down":  { "uv": [ 7.25, 12.25, 7.5, 12 ], "texture": "#texture" },
        "up":    { "uv": [ 7.25, 12, 7.5, 12.25 ], "texture": "#texture" },
        "north": { "uv": [ 7.5, 12, 7.25, 12.25 ], "texture": "#texture" },
        "south": { "uv": [ 7.25, 12, 7.5, 12.25 ], "texture": "#texture" },
        "west":  { "uv": [ 7.25, 12, 7.5, 12.25 ], "texture": "#texture" },
        "east":  { "uv": [ 7.5, 12, 7.25, 12.25 ], "texture": "#texture" }
    }
},
{
    "from": [ 7.5, 3.5, 7.75 ],
    "to": [ 8.5, 3.75, 8.25 ],
    "faces": {
        "down":  { "uv": [ 7.5, 12.5, 8.5, 12.25 ], "texture": "#texture" },
        "up":    { "uv": [ 7.5, 12.25, 8.5, 12.5 ], "texture": "#texture" },
        "north": { "uv": [ 8.5, 12.25, 7.5, 12.5 ], "texture": "#texture" },
        "south": { "uv": [ 7.5, 12.25, 8.5, 12.5 ], "texture": "#texture" },
        "west":  { "uv": [ 7.5, 12.25, 7.75, 12.5 ], "texture": "#texture" },
        "east":  { "uv": [ 8.5, 12.25, 8.25, 12.5 ], "texture": "#texture" }
    }
},
{
    "from": [ 7.75, 3.75, 7.75 ],
    "to": [ 8.75, 4, 8.25 ],
    "faces": {
        "down":  { "uv": [ 7.75, 12.25, 8.75, 12 ], "texture": "#texture" },
        "up":    { "uv": [ 7.75, 12, 8.75, 12.25 ], "texture": "#texture" },
        "north": { "uv": [ 8.75, 12, 7.75, 12.25 ], "texture": "#texture" },
        "south": { "uv": [ 7.75, 12, 8.75, 12.25 ], "texture": "#texture" },
        "west":  { "uv": [ 7.75, 12, 8, 12.25 ], "texture": "#texture" },
        "east":  { "uv": [ 8.75, 12, 8.5, 12.25 ], "texture": "#texture" }
    }
},
{
    "from": [ 8, 7.5, 7.75 ],
    "to": [ 8.5, 14.25, 8.25 ],
    "faces": {
        "down":  { "uv": [ 8, 8.5, 8.5, 8.25 ], "texture": "#texture" },
        "up":    { "uv": [ 8, 1.75, 8.5, 2 ], "texture": "#texture" },
        "north": { "uv": [ 8.5, 1.75, 8, 8.5 ], "texture": "#texture" },
        "south": { "uv": [ 8, 1.75, 8.5, 8.5 ], "texture": "#texture" },
        "west":  { "uv": [ 8, 1.75, 8.25, 8.5 ], "texture": "#texture" },
        "east":  { "uv": [ 8.5, 1.75, 8.25, 8.5 ], "texture": "#texture" }
    }
},
{
    "from": [ 8, 4, 7.75 ],
    "to": [ 8.75, 4.25, 8.25 ],
    "faces": {
        "down":  { "uv": [ 8, 12, 8.75, 11.75 ], "texture": "#texture" },
        "up":    { "uv": [ 8, 11.75, 8.75, 12 ], "texture": "#texture" },
        "north": { "uv": [ 8.75, 11.75, 8, 12 ], "texture": "#texture" },
        "south": { "uv": [ 8, 11.75, 8.75, 12 ], "texture": "#texture" },
        "west":  { "uv": [ 8, 11.75, 8.25, 12 ], "texture": "#texture" },
        "east":  { "uv": [ 8.75, 11.75, 8.5, 12 ], "texture": "#texture" }
    }
},
{
    "from": [ 8.25, 14.25, 7.75 ],
    "to": [ 8.5, 14.75, 8.25 ],
    "faces": {
        "down":  { "uv": [ 8.25, 1.75, 8.5, 1.5 ], "texture": "#texture" },
        "up":    { "uv": [ 8.25, 1.25, 8.5, 1.5 ], "texture": "#texture" },
        "north": { "uv": [ 8.5, 1.25, 8.25, 1.75 ], "texture": "#texture" },
        "south": { "uv": [ 8.25, 1.25, 8.5, 1.75 ], "texture": "#texture" },
        "west":  { "uv": [ 8.25, 1.25, 8.5, 1.75 ], "texture": "#texture" },
        "east":  { "uv": [ 8.5, 1.25, 8.25, 1.75 ], "texture": "#texture" }
    }
},
{
    "from": [ 8.25, 5.75, 7.75 ],
    "to": [ 8.75, 7.5, 8.25 ],
    "faces": {
        "down":  { "uv": [ 8.25, 10.25, 8.75, 10 ], "texture": "#texture" },
        "up":    { "uv": [ 8.25, 8.5, 8.75, 8.75 ], "texture": "#texture" },
        "north": { "uv": [ 8.75, 8.5, 8.25, 10.25 ], "texture": "#texture" },
        "south": { "uv": [ 8.25, 8.5, 8.75, 10.25 ], "texture": "#texture" },
        "west":  { "uv": [ 8.25, 8.5, 8.5, 10.25 ], "texture": "#texture" },
        "east":  { "uv": [ 8.75, 8.5, 8.5, 10.25 ], "texture": "#texture" }
    }
},
{
    "from": [ 8.25, 4.25, 7.75 ],
    "to": [ 8.75, 4.5, 8.25 ],
    "faces": {
        "down":  { "uv": [ 8.25, 11.75, 8.75, 11.5 ], "texture": "#texture" },
        "up":    { "uv": [ 8.25, 11.5, 8.75, 11.75 ], "texture": "#texture" },
        "north": { "uv": [ 8.75, 11.5, 8.25, 11.75 ], "texture": "#texture" },
        "south": { "uv": [ 8.25, 11.5, 8.75, 11.75 ], "texture": "#texture" },
        "west":  { "uv": [ 8.25, 11.5, 8.5, 11.75 ], "texture": "#texture" },
        "east":  { "uv": [ 8.75, 11.5, 8.5, 11.75 ], "texture": "#texture" }
    }
},
{
    "from": [ 8.5, 7.5, 7.75 ],
    "to": [ 8.75, 9.25, 8.25 ],
    "faces": {
        "down":  { "uv": [ 8.5, 8.5, 8.75, 8.25 ], "texture": "#texture" },
        "up":    { "uv": [ 8.5, 6.75, 8.75, 7 ], "texture": "#texture" },
        "north": { "uv": [ 8.75, 6.75, 8.5, 8.5 ], "texture": "#texture" },
        "south": { "uv": [ 8.5, 6.75, 8.75, 8.5 ], "texture": "#texture" },
        "west":  { "uv": [ 8.5, 6.75, 8.75, 8.5 ], "texture": "#texture" },
        "east":  { "uv": [ 8.75, 6.75, 8.5, 8.5 ], "texture": "#texture" }
    }
},
{
    "from": [ 8.5, 4.5, 7.75 ],
    "to": [ 8.75, 5.75, 8.25 ],
    "faces": {
        "down":  { "uv": [ 8.5, 11.5, 8.75, 11.25 ], "texture": "#texture" },
        "up":    { "uv": [ 8.5, 10.25, 8.75, 10.5 ], "texture": "#texture" },
        "north": { "uv": [ 8.75, 10.25, 8.5, 11.5 ], "texture": "#texture" },
        "south": { "uv": [ 8.5, 10.25, 8.75, 11.5 ], "texture": "#texture" },
        "west":  { "uv": [ 8.5, 10.25, 8.75, 11.5 ], "texture": "#texture" },
        "east":  { "uv": [ 8.75, 10.25, 8.5, 11.5 ], "texture": "#texture" }
    }
},
{
    "from": [ 8, 0.5, 7.5 ],
    "to": [ 8.5, 1, 8.5 ],
    "faces": {
        "down":  { "uv": [ 8, 15.5, 8.5, 15.25 ], "texture": "#texture" },
        "up":    { "uv": [ 8, 15, 8.5, 15.25 ], "texture": "#texture" },
        "north": { "uv": [ 8.5, 15, 8, 15.5 ], "texture": "#texture" },
        "south": { "uv": [ 8, 15, 8.5, 15.5 ], "texture": "#texture" },
        "west":  { "uv": [ 8, 15, 8.25, 15.5 ], "texture": "#texture" },
        "east":  { "uv": [ 8.5, 15, 8.25, 15.5 ], "texture": "#texture" }
    }
},
{
    "from": [ 8.25, 1, 7.5 ],
    "to": [ 8.75, 1.25, 8.5 ],
    "faces": {
        "down":  { "uv": [ 8.25, 15, 8.75, 14.75 ], "texture": "#texture" },
        "up":    { "uv": [ 8.25, 14.75, 8.75, 15 ], "texture": "#texture" },
        "north": { "uv": [ 8.75, 14.75, 8.25, 15 ], "texture": "#texture" },
        "south": { "uv": [ 8.25, 14.75, 8.75, 15 ], "texture": "#texture" },
        "west":  { "uv": [ 8.25, 14.75, 8.5, 15 ], "texture": "#texture" },
        "east":  { "uv": [ 8.75, 14.75, 8.5, 15 ], "texture": "#texture" }
    }
},
{
    "from": [ 8.5, 0.75, 7.5 ],
    "to": [ 8.75, 1, 8.5 ],
    "faces": {
        "down":  { "uv": [ 8.5, 15.25, 8.75, 15 ], "texture": "#texture" },
        "up":    { "uv": [ 8.5, 15, 8.75, 15.25 ], "texture": "#texture" },
        "north": { "uv": [ 8.75, 15, 8.5, 15.25 ], "texture": "#texture" },
        "south": { "uv": [ 8.5, 15, 8.75, 15.25 ], "texture": "#texture" },
        "west":  { "uv": [ 8.5, 15, 8.75, 15.25 ], "texture": "#texture" },
        "east":  { "uv": [ 8.75, 15, 8.5, 15.25 ], "texture": "#texture" }
    }
},
{
    "from": [ 7.75, 0.5, 7.75 ],
    "to": [ 9, 1, 8.25 ],
    "faces": {
        "down":  { "uv": [ 7.75, 15.5, 9, 15.25 ], "texture": "#texture" },
        "up":    { "uv": [ 7.75, 15, 9, 15.25 ], "texture": "#texture" },
        "north": { "uv": [ 9, 15, 7.75, 15.5 ], "texture": "#texture" },
        "south": { "uv": [ 7.75, 15, 9, 15.5 ], "texture": "#texture" },
        "west":  { "uv": [ 7.75, 15, 8, 15.5 ], "texture": "#texture" },
        "east":  { "uv": [ 9, 15, 8.75, 15.5 ], "texture": "#texture" }
    }
},
{
    "from": [ 8, 3.25, 7.75 ],
    "to": [ 8.75, 3.5, 8.25 ],
    "faces": {
        "down":  { "uv": [ 8, 12.75, 8.75, 12.5 ], "texture": "#texture" },
        "up":    { "uv": [ 8, 12.5, 8.75, 12.75 ], "texture": "#texture" },
        "north": { "uv": [ 8.75, 12.5, 8, 12.75 ], "texture": "#texture" },
        "south": { "uv": [ 8, 12.5, 8.75, 12.75 ], "texture": "#texture" },
        "west":  { "uv": [ 8, 12.5, 8.25, 12.75 ], "texture": "#texture" },
        "east":  { "uv": [ 8.75, 12.5, 8.5, 12.75 ], "texture": "#texture" }
    }
},
{
    "from": [ 8, 1, 7.75 ],
    "to": [ 9, 1.5, 8.25 ],
    "faces": {
        "down":  { "uv": [ 8, 15, 9, 14.75 ], "texture": "#texture" },
        "up":    { "uv": [ 8, 14.5, 9, 14.75 ], "texture": "#texture" },
        "north": { "uv": [ 9, 14.5, 8, 15 ], "texture": "#texture" },
        "south": { "uv": [ 8, 14.5, 9, 15 ], "texture": "#texture" },
        "west":  { "uv": [ 8, 14.5, 8.25, 15 ], "texture": "#texture" },
        "east":  { "uv": [ 9, 14.5, 8.75, 15 ], "texture": "#texture" }
    }
},
{
    "from": [ 8, 0.25, 7.75 ],
    "to": [ 8.5, 0.5, 8.25 ],
    "faces": {
        "down":  { "uv": [ 8, 15.75, 8.5, 15.5 ], "texture": "#texture" },
        "up":    { "uv": [ 8, 15.5, 8.5, 15.75 ], "texture": "#texture" },
        "north": { "uv": [ 8.5, 15.5, 8, 15.75 ], "texture": "#texture" },
        "south": { "uv": [ 8, 15.5, 8.5, 15.75 ], "texture": "#texture" },
        "west":  { "uv": [ 8, 15.5, 8.25, 15.75 ], "texture": "#texture" },
        "east":  { "uv": [ 8.5, 15.5, 8.25, 15.75 ], "texture": "#texture" }
    }
},
{
    "from": [ 8.25, 1.5, 7.75 ],
    "to": [ 8.75, 3.25, 8.25 ],
    "faces": {
        "down":  { "uv": [ 8.25, 14.5, 8.75, 14.25 ], "texture": "#texture" },
        "up":    { "uv": [ 8.25, 12.75, 8.75, 13 ], "texture": "#texture" },
        "north": { "uv": [ 8.25, 12.75, 8.75, 14.5 ], "texture": "#texture" },
        "south": { "uv": [ 8.25, 12.75, 8.75, 14.5 ], "texture": "#texture" },
        "west":  { "uv": [ 8.75, 12.75, 8.25, 14.5 ], "texture": "#texture" },
        "east":  { "uv": [ 8.75, 12.75, 8.25, 14.5 ], "texture": "#texture" }
    }
},
{
    "from": [ 8.5, 3.5, 7.75 ],
    "to": [ 9, 3.75, 8.25 ],
    "faces": {
        "down":  { "uv": [ 8.5, 12.5, 9, 12.25 ], "texture": "#texture" },
        "up":    { "uv": [ 8.5, 12.25, 9, 12.5 ], "texture": "#texture" },
        "north": { "uv": [ 9, 12.25, 8.5, 12.5 ], "texture": "#texture" },
        "south": { "uv": [ 8.5, 12.25, 9, 12.5 ], "texture": "#texture" },
        "west":  { "uv": [ 8.5, 12.25, 8.75, 12.5 ], "texture": "#texture" },
        "east":  { "uv": [ 9, 12.25, 8.75, 12.5 ], "texture": "#texture" }
    }
},
{
    "from": [ 8.75, 3.75, 7.75 ],
    "to": [ 9, 4, 8.25 ],
    "faces": {
        "down":  { "uv": [ 8.75, 12.25, 9, 12 ], "texture": "#texture" },
        "up":    { "uv": [ 8.75, 12, 9, 12.25 ], "texture": "#texture" },
        "north": { "uv": [ 9, 12, 8.75, 12.25 ], "texture": "#texture" },
        "south": { "uv": [ 8.75, 12, 9, 12.25 ], "texture": "#texture" },
        "west":  { "uv": [ 8.75, 12, 9, 12.25 ], "texture": "#texture" },
        "east":  { "uv": [ 9, 12, 8.75, 12.25 ], "texture": "#texture" }
    }
},
{
    "from": [ 8.75, 0.25, 7.75 ],
    "to": [ 9, 0.5, 8.25 ],
    "faces": {
        "down":  { "uv": [ 8.75, 15.75, 9, 15.5 ], "texture": "#texture" },
        "up":    { "uv": [ 8.75, 15.5, 9, 15.75 ], "texture": "#texture" },
        "north": { "uv": [ 9, 15.5, 8.75, 15.75 ], "texture": "#texture" },
        "south": { "uv": [ 8.75, 15.5, 9, 15.75 ], "texture": "#texture" },
        "west":  { "uv": [ 8.75, 15.5, 9, 15.75 ], "texture": "#texture" },
        "east":  { "uv": [ 9, 15.5, 8.75, 15.75 ], "texture": "#texture" }
    }
},
{
    "from": [ 7, 4, 7.875 ],
    "to": [ 7.25, 4.5, 8.125 ],
    "faces": {
        "down":  { "uv": [ 7, 12, 7.25, 11.75 ], "texture": "#texture" },
        "up":    { "uv": [ 7, 11.5, 7.25, 11.75 ], "texture": "#texture" },
        "north": { "uv": [ 7.25, 11.5, 7, 12 ], "texture": "#texture" },
        "south": { "uv": [ 7, 11.5, 7.25, 12 ], "texture": "#texture" },
        "west":  { "uv": [ 7, 11.5, 7.25, 12 ], "texture": "#texture" },
        "east":  { "uv": [ 7.25, 11.5, 7, 12 ], "texture": "#texture" }
    }
},
{
    "from": [ 7.25, 3.75, 7.875 ],
    "to": [ 7.5, 4.25, 8.125 ],
    "faces": {
        "down":  { "uv": [ 7.25, 12.25, 7.5, 12 ], "texture": "#texture" },
        "up":    { "uv": [ 7.25, 11.75, 7.5, 12 ], "texture": "#texture" },
        "north": { "uv": [ 7.5, 11.75, 7.25, 12.25 ], "texture": "#texture" },
        "south": { "uv": [ 7.25, 11.75, 7.5, 12.25 ], "texture": "#texture" },
        "west":  { "uv": [ 7.25, 11.75, 7.5, 12.25 ], "texture": "#texture" },
        "east":  { "uv": [ 7.5, 11.75, 7.25, 12.25 ], "texture": "#texture" }
    }
},
{
    "from": [ 7.5, 3.5, 7.875 ],
    "to": [ 8.5, 4, 8.125 ],
    "faces": {
        "down":  { "uv": [ 7.5, 12.5, 8.5, 12.25 ], "texture": "#texture" },
        "up":    { "uv": [ 7.5, 12, 8.5, 12.25 ], "texture": "#texture" },
        "north": { "uv": [ 8.5, 12, 7.5, 12.5 ], "texture": "#texture" },
        "south": { "uv": [ 7.5, 12, 8.5, 12.5 ], "texture": "#texture" },
        "west":  { "uv": [ 7.5, 12, 7.75, 12.5 ], "texture": "#texture" },
        "east":  { "uv": [ 8.5, 12, 8.25, 12.5 ], "texture": "#texture" }
    }
},
{
    "from": [ 7.75, 7.5, 7.875 ],
    "to": [ 8.75, 14.25, 8.125 ],
    "faces": {
        "down":  { "uv": [ 7.75, 8.5, 8.75, 8.25 ], "texture": "#texture" },
        "up":    { "uv": [ 7.75, 1.75, 8.75, 2 ], "texture": "#texture" },
        "north": { "uv": [ 8.75, 1.75, 7.75, 8.5 ], "texture": "#texture" },
        "south": { "uv": [ 7.75, 1.75, 8.75, 8.5 ], "texture": "#texture" },
        "west":  { "uv": [ 7.75, 1.75, 8, 8.5 ], "texture": "#texture" },
        "east":  { "uv": [ 8.75, 1.75, 8.5, 8.5 ], "texture": "#texture" }
    }
},
{
    "from": [ 7.75, 4, 7.875 ],
    "to": [ 9.25, 4.25, 8.125 ],
    "faces": {
        "down":  { "uv": [ 7.75, 12, 9.25, 11.75 ], "texture": "#texture" },
        "up":    { "uv": [ 7.75, 11.75, 9.25, 12 ], "texture": "#texture" },
        "north": { "uv": [ 9.25, 11.75, 7.75, 12 ], "texture": "#texture" },
        "south": { "uv": [ 7.75, 11.75, 9.25, 12 ], "texture": "#texture" },
        "west":  { "uv": [ 7.75, 11.75, 8, 12 ], "texture": "#texture" },
        "east":  { "uv": [ 9.25, 11.75, 9, 12 ], "texture": "#texture" }
    }
},
{
    "from": [ 8, 14.25, 7.875 ],
    "to": [ 8.75, 14.75, 8.125 ],
    "faces": {
        "down":  { "uv": [ 8, 1.75, 8.75, 1.5 ], "texture": "#texture" },
        "up":    { "uv": [ 8, 1.25, 8.75, 1.5 ], "texture": "#texture" },
        "north": { "uv": [ 8.75, 1.25, 8, 1.75 ], "texture": "#texture" },
        "south": { "uv": [ 8, 1.25, 8.75, 1.75 ], "texture": "#texture" },
        "west":  { "uv": [ 8, 1.25, 8.25, 1.75 ], "texture": "#texture" },
        "east":  { "uv": [ 8.75, 1.25, 8.5, 1.75 ], "texture": "#texture" }
    }
},
{
    "from": [ 8, 5.75, 7.875 ],
    "to": [ 9, 7.5, 8.125 ],
    "faces": {
        "down":  { "uv": [ 8, 10.25, 9, 10 ], "texture": "#texture" },
        "up":    { "uv": [ 8, 8.5, 9, 8.75 ], "texture": "#texture" },
        "north": { "uv": [ 9, 8.5, 8, 10.25 ], "texture": "#texture" },
        "south": { "uv": [ 8, 8.5, 9, 10.25 ], "texture": "#texture" },
        "west":  { "uv": [ 8, 8.5, 8.25, 10.25 ], "texture": "#texture" },
        "east":  { "uv": [ 9, 8.5, 8.75, 10.25 ], "texture": "#texture" }
    }
},
{
    "from": [ 8, 4.25, 7.875 ],
    "to": [ 9.25, 4.5, 8.125 ],
    "faces": {
        "down":  { "uv": [ 8, 11.75, 9.25, 11.5 ], "texture": "#texture" },
        "up":    { "uv": [ 8, 11.5, 9.25, 11.75 ], "texture": "#texture" },
        "north": { "uv": [ 9.25, 11.5, 8, 11.75 ], "texture": "#texture" },
        "south": { "uv": [ 8, 11.5, 9.25, 11.75 ], "texture": "#texture" },
        "west":  { "uv": [ 8, 11.5, 8.25, 11.75 ], "texture": "#texture" },
        "east":  { "uv": [ 9.25, 11.5, 9, 11.75 ], "texture": "#texture" }
    }
},
{
    "from": [ 8.25, 14.75, 7.875 ],
    "to": [ 8.75, 15.75, 8.125 ],
    "faces": {
        "down":  { "uv": [ 8.25, 1.25, 8.75, 1 ], "texture": "#texture" },
        "up":    { "uv": [ 8.25, 0.25, 8.75, 0.5 ], "texture": "#texture" },
        "north": { "uv": [ 8.75, 0.25, 8.25, 1.25 ], "texture": "#texture" },
        "south": { "uv": [ 8.25, 0.25, 8.75, 1.25 ], "texture": "#texture" },
        "west":  { "uv": [ 8.25, 0.25, 8.5, 1.25 ], "texture": "#texture" },
        "east":  { "uv": [ 8.75, 0.25, 8.5, 1.25 ], "texture": "#texture" }
    }
},
{
    "from": [ 8.25, 4.5, 7.875 ],
    "to": [ 9, 5.75, 8.125 ],
    "faces": {
        "down":  { "uv": [ 8.25, 11.5, 9, 11.25 ], "texture": "#texture" },
        "up":    { "uv": [ 8.25, 10.25, 9, 10.5 ], "texture": "#texture" },
        "north": { "uv": [ 9, 10.25, 8.25, 11.5 ], "texture": "#texture" },
        "south": { "uv": [ 8.25, 10.25, 9, 11.5 ], "texture": "#texture" },
        "west":  { "uv": [ 8.25, 10.25, 8.5, 11.5 ], "texture": "#texture" },
        "east":  { "uv": [ 9, 10.25, 8.75, 11.5 ], "texture": "#texture" }
    }
},
{
    "from": [ 8.5, 15.75, 7.875 ],
    "to": [ 8.75, 16, 8.125 ],
    "faces": {
        "down":  { "uv": [ 8.5, 0.25, 8.75, 0 ], "texture": "#texture" },
        "up":    { "uv": [ 8.5, 0, 8.75, 0.25 ], "texture": "#texture" },
        "north": { "uv": [ 8.75, 0, 8.5, 0.25 ], "texture": "#texture" },
        "south": { "uv": [ 8.5, 0, 8.75, 0.25 ], "texture": "#texture" },
        "west":  { "uv": [ 8.5, 0, 8.75, 0.25 ], "texture": "#texture" },
        "east":  { "uv": [ 8.75, 0, 8.5, 0.25 ], "texture": "#texture" }
    }
},
{
    "from": [ 8.5, 3.75, 7.875 ],
    "to": [ 8.75, 4, 8.125 ],
    "faces": {
        "down":  { "uv": [ 8.5, 12.25, 8.75, 12 ], "texture": "#texture" },
        "up":    { "uv": [ 8.5, 12, 8.75, 12.25 ], "texture": "#texture" },
        "north": { "uv": [ 8.75, 12, 8.5, 12.25 ], "texture": "#texture" },
        "south": { "uv": [ 8.5, 12, 8.75, 12.25 ], "texture": "#texture" },
        "west":  { "uv": [ 8.5, 12, 8.75, 12.25 ], "texture": "#texture" },
        "east":  { "uv": [ 8.75, 12, 8.5, 12.25 ], "texture": "#texture" }
    }
},
{
    "from": [ 8.75, 7.5, 7.875 ],
    "to": [ 9, 9.25, 8.125 ],
    "faces": {
        "down":  { "uv": [ 8.75, 8.5, 9, 8.25 ], "texture": "#texture" },
        "up":    { "uv": [ 8.75, 6.75, 9, 7 ], "texture": "#texture" },
        "north": { "uv": [ 9, 6.75, 8.75, 8.5 ], "texture": "#texture" },
        "south": { "uv": [ 8.75, 6.75, 9, 8.5 ], "texture": "#texture" },
        "west":  { "uv": [ 8.75, 6.75, 9, 8.5 ], "texture": "#texture" },
        "east":  { "uv": [ 9, 6.75, 8.75, 8.5 ], "texture": "#texture" }
    }
},
{
    "from": [ 9, 4.5, 7.875 ],
    "to": [ 9.25, 4.75, 8.125 ],
    "faces": {
        "down":  { "uv": [ 9, 11.5, 9.25, 11.25 ], "texture": "#texture" },
        "up":    { "uv": [ 9, 11.25, 9.25, 11.5 ], "texture": "#texture" },
        "north": { "uv": [ 9.25, 11.25, 9, 11.5 ], "texture": "#texture" },
        "south": { "uv": [ 9, 11.25, 9.25, 11.5 ], "texture": "#texture" },
        "west":  { "uv": [ 9, 11.25, 9.25, 11.5 ], "texture": "#texture" },
        "east":  { "uv": [ 9.25, 11.25, 9, 11.5 ], "texture": "#texture" }
    }
}
],
"display": {
    "thirdperson_righthand": {
        "rotation": [ 0, -90, 0 ],
        "translation": [ 0, 6.43, 1.13 ],
        "scale": [ 1.5, 1.5, 1.5 ]
    },
    "thirdperson_lefthand": {
        "rotation": [ 0, 90, 0 ],
        "translation": [ 0, 6.43, 1.13 ],
        "scale": [ 1.5, 1.5, 1.5 ]
    },
    "ground": {
        "rotation": [ 0, 0, 45 ],
        "translation": [ 0, 5.48, 0 ],
        "scale": [ 0.5, 0.5, 0.5 ]
    },
    "fixed": {
        "rotation": [ 0, 0, 45 ],
        "translation": [ 0, 0, 0 ],
        "scale": [ 1, 1, 1 ]
    },
    "firstperson_righthand": {
        "rotation": [ 0, -82, 6 ],
        "translation": [ 0, 5.67, 1.51 ],
        "scale": [ 1, 1, 1 ]
    },
    "firstperson_lefthand": {
        "rotation": [ 0, 95, -6 ],
        "translation": [ 0, 5.67, 0.38 ],
        "scale": [ 1, 1, 1 ]
    },
    "gui": {
        "rotation": [ 0, 180, 45 ],
        "translation": [ 0, 0, 0 ],
        "scale": [ 1, 1, 1 ]
    }
}
}