{
	"__comment": "Designed by Gasplund with Cubik Studio - https://cubik.studio",
	"textures": {
		"shears": "items/shears"
	},
	"elements": [
		{
			"__comment": "Cube34",
			"from": [ 2, 3, 8 ],
			"to": [ 3, 5, 9 ],
			"faces": {
				"down": { "uv": [ 3, 13, 2, 12 ], "texture": "#shears", "rotation": 180 },
				"up": { "uv": [ 3, 11, 2, 12 ], "texture": "#shears", "rotation": 180 },
				"north": { "uv": [ 2, 13, 3, 11 ], "texture": "#shears", "rotation": 180 },
				"south": { "uv": [ 3, 13, 2, 11 ], "texture": "#shears", "rotation": 180 },
				"west": { "uv": [ 3, 13, 2, 11 ], "texture": "#shears", "rotation": 180 },
				"east": { "uv": [ 2, 11, 3, 13 ], "texture": "#shears" }
			}
		},
		{
			"__comment": "Cube35",
			"from": [ 3, 6, 8 ],
			"to": [ 6, 8, 9 ],
			"faces": {
				"down": { "uv": [ 6, 10, 3, 9 ], "texture": "#shears", "rotation": 180 },
				"up": { "uv": [ 6, 8, 3, 9 ], "texture": "#shears", "rotation": 180 },
				"north": { "uv": [ 3, 10, 6, 8 ], "texture": "#shears", "rotation": 180 },
				"south": { "uv": [ 6, 10, 3, 8 ], "texture": "#shears", "rotation": 180 },
				"west": { "uv": [ 4, 10, 3, 8 ], "texture": "#shears", "rotation": 180 },
				"east": { "uv": [ 5, 8, 6, 10 ], "texture": "#shears" }
			}
		},
		{
			"__comment": "Cube36",
			"from": [ 3, 5, 8 ],
			"to": [ 5, 6, 9 ],
			"faces": {
				"down": { "uv": [ 5, 11, 3, 10 ], "texture": "#shears", "rotation": 180 },
				"up": { "uv": [ 5, 10, 3, 11 ], "texture": "#shears", "rotation": 180 },
				"north": { "uv": [ 3, 11, 5, 10 ], "texture": "#shears", "rotation": 180 },
				"south": { "uv": [ 5, 11, 3, 10 ], "texture": "#shears", "rotation": 180 },
				"west": { "uv": [ 4, 11, 3, 10 ], "texture": "#shears", "rotation": 180 },
				"east": { "uv": [ 4, 10, 5, 11 ], "texture": "#shears" }
			}
		},
		{
			"__comment": "Cube37",
			"from": [ 3, 2, 8 ],
			"to": [ 5, 3, 9 ],
			"faces": {
				"down": { "uv": [ 5, 14, 3, 13 ], "texture": "#shears", "rotation": 180 },
				"up": { "uv": [ 5, 13, 3, 14 ], "texture": "#shears", "rotation": 180 },
				"north": { "uv": [ 3, 14, 5, 13 ], "texture": "#shears", "rotation": 180 },
				"south": { "uv": [ 5, 14, 3, 13 ], "texture": "#shears", "rotation": 180 },
				"west": { "uv": [ 4, 14, 3, 13 ], "texture": "#shears", "rotation": 180 },
				"east": { "uv": [ 4, 13, 5, 14 ], "texture": "#shears" }
			}
		},
		{
			"__comment": "Cube38",
			"from": [ 4, 9, 8 ],
			"to": [ 9, 10, 9 ],
			"faces": {
				"down": { "uv": [ 9, 7, 4, 6 ], "texture": "#shears", "rotation": 180 },
				"up": { "uv": [ 9, 6, 4, 7 ], "texture": "#shears", "rotation": 180 },
				"north": { "uv": [ 4, 7, 9, 6 ], "texture": "#shears", "rotation": 180 },
				"south": { "uv": [ 9, 7, 4, 6 ], "texture": "#shears", "rotation": 180 },
				"west": { "uv": [ 5, 7, 4, 6 ], "texture": "#shears", "rotation": 180 },
				"east": { "uv": [ 8, 6, 9, 7 ], "texture": "#shears" }
			}
		},
		{
			"__comment": "Cube39",
			"from": [ 4, 8, 8 ],
			"to": [ 7, 9, 9 ],
			"faces": {
				"down": { "uv": [ 7, 8, 4, 7 ], "texture": "#shears", "rotation": 180 },
				"up": { "uv": [ 7, 7, 4, 8 ], "texture": "#shears", "rotation": 180 },
				"north": { "uv": [ 4, 8, 7, 7 ], "texture": "#shears", "rotation": 180 },
				"south": { "uv": [ 7, 8, 4, 7 ], "texture": "#shears", "rotation": 180 },
				"west": { "uv": [ 5, 8, 4, 7 ], "texture": "#shears", "rotation": 180 },
				"east": { "uv": [ 6, 7, 7, 8 ], "texture": "#shears" }
			}
		},
		{
			"__comment": "Cube40",
			"from": [ 5, 10, 8 ],
			"to": [ 10, 11, 9 ],
			"faces": {
				"down": { "uv": [ 10, 6, 5, 5 ], "texture": "#shears", "rotation": 180 },
				"up": { "uv": [ 10, 5, 5, 6 ], "texture": "#shears", "rotation": 180 },
				"north": { "uv": [ 5, 6, 10, 5 ], "texture": "#shears", "rotation": 180 },
				"south": { "uv": [ 10, 6, 5, 5 ], "texture": "#shears", "rotation": 180 },
				"west": { "uv": [ 6, 6, 5, 5 ], "texture": "#shears", "rotation": 180 },
				"east": { "uv": [ 9, 5, 10, 6 ], "texture": "#shears" }
			}
		},
		{
			"__comment": "Cube41",
			"from": [ 5, 4, 8 ],
			"to": [ 10, 5, 9 ],
			"faces": {
				"down": { "uv": [ 10, 12, 5, 11 ], "texture": "#shears", "rotation": 180 },
				"up": { "uv": [ 10, 11, 5, 12 ], "texture": "#shears", "rotation": 180 },
				"north": { "uv": [ 5, 12, 10, 11 ], "texture": "#shears", "rotation": 180 },
				"south": { "uv": [ 10, 12, 5, 11 ], "texture": "#shears", "rotation": 180 },
				"west": { "uv": [ 6, 12, 5, 11 ], "texture": "#shears", "rotation": 180 },
				"east": { "uv": [ 9, 11, 10, 12 ], "texture": "#shears" }
			}
		},
		{
			"__comment": "Cube42",
			"from": [ 5, 3, 8 ],
			"to": [ 8, 4, 9 ],
			"faces": {
				"down": { "uv": [ 8, 13, 5, 12 ], "texture": "#shears", "rotation": 180 },
				"up": { "uv": [ 8, 12, 5, 13 ], "texture": "#shears", "rotation": 180 },
				"north": { "uv": [ 5, 13, 8, 12 ], "texture": "#shears", "rotation": 180 },
				"south": { "uv": [ 8, 13, 5, 12 ], "texture": "#shears", "rotation": 180 },
				"west": { "uv": [ 6, 13, 5, 12 ], "texture": "#shears", "rotation": 180 },
				"east": { "uv": [ 7, 12, 8, 13 ], "texture": "#shears" }
			}
		},
		{
			"__comment": "Cube43",
			"from": [ 6, 11, 8 ],
			"to": [ 11, 12, 9 ],
			"faces": {
				"down": { "uv": [ 11, 5, 6, 4 ], "texture": "#shears", "rotation": 180 },
				"up": { "uv": [ 11, 4, 6, 5 ], "texture": "#shears", "rotation": 180 },
				"north": { "uv": [ 6, 5, 11, 4 ], "texture": "#shears", "rotation": 180 },
				"south": { "uv": [ 11, 5, 6, 4 ], "texture": "#shears", "rotation": 180 },
				"west": { "uv": [ 7, 5, 6, 4 ], "texture": "#shears", "rotation": 180 },
				"east": { "uv": [ 10, 4, 11, 5 ], "texture": "#shears" }
			}
		},
		{
			"__comment": "Cube44",
			"from": [ 6, 5, 8 ],
			"to": [ 11, 6, 9 ],
			"faces": {
				"down": { "uv": [ 11, 11, 6, 10 ], "texture": "#shears", "rotation": 180 },
				"up": { "uv": [ 11, 10, 6, 11 ], "texture": "#shears", "rotation": 180 },
				"north": { "uv": [ 6, 11, 11, 10 ], "texture": "#shears", "rotation": 180 },
				"south": { "uv": [ 11, 11, 6, 10 ], "texture": "#shears", "rotation": 180 },
				"west": { "uv": [ 7, 11, 6, 10 ], "texture": "#shears", "rotation": 180 },
				"east": { "uv": [ 10, 10, 11, 11 ], "texture": "#shears" }
			}
		},
		{
			"__comment": "Cube45",
			"from": [ 7, 12, 8 ],
			"to": [ 12, 13, 9 ],
			"faces": {
				"down": { "uv": [ 12, 4, 7, 3 ], "texture": "#shears", "rotation": 180 },
				"up": { "uv": [ 12, 3, 7, 4 ], "texture": "#shears", "rotation": 180 },
				"north": { "uv": [ 7, 4, 12, 3 ], "texture": "#shears", "rotation": 180 },
				"south": { "uv": [ 12, 4, 7, 3 ], "texture": "#shears", "rotation": 180 },
				"west": { "uv": [ 8, 4, 7, 3 ], "texture": "#shears", "rotation": 180 },
				"east": { "uv": [ 11, 3, 12, 4 ], "texture": "#shears" }
			}
		},
		{
			"__comment": "Cube46",
			"from": [ 8, 13, 8 ],
			"to": [ 11, 14, 9 ],
			"faces": {
				"down": { "uv": [ 11, 3, 8, 2 ], "texture": "#shears", "rotation": 180 },
				"up": { "uv": [ 11, 2, 8, 3 ], "texture": "#shears", "rotation": 180 },
				"north": { "uv": [ 8, 3, 11, 2 ], "texture": "#shears", "rotation": 180 },
				"south": { "uv": [ 11, 3, 8, 2 ], "texture": "#shears", "rotation": 180 },
				"west": { "uv": [ 9, 3, 8, 2 ], "texture": "#shears", "rotation": 180 },
				"east": { "uv": [ 10, 2, 11, 3 ], "texture": "#shears" }
			}
		},
		{
			"__comment": "Cube47",
			"from": [ 8, 6, 8 ],
			"to": [ 12, 7, 9 ],
			"faces": {
				"down": { "uv": [ 12, 10, 8, 9 ], "texture": "#shears", "rotation": 180 },
				"up": { "uv": [ 12, 9, 8, 10 ], "texture": "#shears", "rotation": 180 },
				"north": { "uv": [ 8, 10, 12, 9 ], "texture": "#shears", "rotation": 180 },
				"south": { "uv": [ 12, 10, 8, 9 ], "texture": "#shears", "rotation": 180 },
				"west": { "uv": [ 9, 10, 8, 9 ], "texture": "#shears", "rotation": 180 },
				"east": { "uv": [ 11, 9, 12, 10 ], "texture": "#shears" }
			}
		},
		{
			"__comment": "Cube48",
			"from": [ 9, 8, 8 ],
			"to": [ 14, 9, 9 ],
			"faces": {
				"down": { "uv": [ 14, 8, 9, 7 ], "texture": "#shears", "rotation": 180 },
				"up": { "uv": [ 14, 7, 9, 8 ], "texture": "#shears", "rotation": 180 },
				"north": { "uv": [ 9, 8, 14, 7 ], "texture": "#shears", "rotation": 180 },
				"south": { "uv": [ 14, 8, 9, 7 ], "texture": "#shears", "rotation": 180 },
				"west": { "uv": [ 10, 8, 9, 7 ], "texture": "#shears", "rotation": 180 },
				"east": { "uv": [ 13, 7, 14, 8 ], "texture": "#shears" }
			}
		},
		{
			"__comment": "Cube49",
			"from": [ 9, 7, 8 ],
			"to": [ 13, 8, 9 ],
			"faces": {
				"down": { "uv": [ 13, 9, 9, 8 ], "texture": "#shears", "rotation": 180 },
				"up": { "uv": [ 13, 8, 9, 9 ], "texture": "#shears", "rotation": 180 },
				"north": { "uv": [ 9, 9, 13, 8 ], "texture": "#shears", "rotation": 180 },
				"south": { "uv": [ 13, 9, 9, 8 ], "texture": "#shears", "rotation": 180 },
				"west": { "uv": [ 10, 9, 9, 8 ], "texture": "#shears", "rotation": 180 },
				"east": { "uv": [ 12, 8, 13, 9 ], "texture": "#shears" }
			}
		},
		{
			"__comment": "Cube50",
			"from": [ 10, 9, 8 ],
			"to": [ 14, 10, 9 ],
			"faces": {
				"down": { "uv": [ 14, 7, 10, 6 ], "texture": "#shears", "rotation": 180 },
				"up": { "uv": [ 14, 6, 10, 7 ], "texture": "#shears", "rotation": 180 },
				"north": { "uv": [ 10, 7, 14, 6 ], "texture": "#shears", "rotation": 180 },
				"south": { "uv": [ 14, 7, 10, 6 ], "texture": "#shears", "rotation": 180 },
				"west": { "uv": [ 11, 7, 10, 6 ], "texture": "#shears", "rotation": 180 },
				"east": { "uv": [ 13, 6, 14, 7 ], "texture": "#shears" }
			}
		},
		{
			"__comment": "Cube51",
			"from": [ 11, 10, 8 ],
			"to": [ 14, 11, 9 ],
			"faces": {
				"down": { "uv": [ 14, 6, 11, 5 ], "texture": "#shears", "rotation": 180 },
				"up": { "uv": [ 14, 5, 11, 6 ], "texture": "#shears", "rotation": 180 },
				"north": { "uv": [ 11, 6, 14, 5 ], "texture": "#shears", "rotation": 180 },
				"south": { "uv": [ 14, 6, 11, 5 ], "texture": "#shears", "rotation": 180 },
				"west": { "uv": [ 12, 6, 11, 5 ], "texture": "#shears", "rotation": 180 },
				"east": { "uv": [ 13, 5, 14, 6 ], "texture": "#shears" }
			}
		},
		{
			"__comment": "Cube52",
			"from": [ 12, 11, 8 ],
			"to": [ 13, 12, 9 ],
			"faces": {
				"down": { "uv": [ 13, 5, 12, 4 ], "texture": "#shears", "rotation": 180 },
				"up": { "uv": [ 13, 4, 12, 5 ], "texture": "#shears", "rotation": 180 },
				"north": { "uv": [ 12, 5, 13, 4 ], "texture": "#shears", "rotation": 180 },
				"south": { "uv": [ 13, 5, 12, 4 ], "texture": "#shears", "rotation": 180 },
				"west": { "uv": [ 13, 5, 12, 4 ], "texture": "#shears", "rotation": 180 },
				"east": { "uv": [ 12, 4, 13, 5 ], "texture": "#shears" }
			}
		}
	],
	"display": {
		"thirdperson_righthand": {
			"rotation":  [ 0, -90, 55 ],
			"translation":  [ 0, 4, 0.5 ],
			"scale":  [ 0.85, 0.85, 0.85 ]
		},
		"thirdperson_lefthand": {
			"rotation":  [ 90, -90, 55 ],
			"translation":  [ 0, 4, -0.5 ],
			"scale":  [ 0.85, 0.85, 0.85 ]
		},
		"firstperson_righthand": {
			"rotation":  [ 0, -90, 25 ],
			"translation":  [ 1.13, 3.2, 1.13 ],
			"scale":  [ 0.68, 0.68, 0.68 ]
		},
		"firstperson_lefthand": {
			"rotation":  [ 0, 90, -25 ],
			"translation":  [ 1.13, 3.2, 1.13 ],
			"scale":  [ 0.68, 0.68, 0.68 ]
		},
		"ground": {
			"translation":  [ 0, 2, 0 ],
			"scale":  [ 0.5, 0.5, 0.5 ]
		}
	}
}