{
"__comment": "Designed by MasterianoX",
"textures": {
    "particle": "wynn/weapons/sets/feather_set/feather_bow",
    "texture": "wynn/weapons/sets/feather_set/feather_bow"
},
"elements": [ 
{
    "from": [ 7, 14, 7.125 ],
    "to": [ 7.75, 14.25, 8.875 ],
    "faces": {
        "down":  { "uv": [ 7, 2, 7.75, 1.75 ], "texture": "#texture" },
        "up":    { "uv": [ 7, 1.75, 7.75, 2 ], "texture": "#texture" },
        "north": { "uv": [ 7.75, 1.75, 7, 2 ], "texture": "#texture" },
        "south": { "uv": [ 7, 1.75, 7.75, 2 ], "texture": "#texture" },
        "west":  { "uv": [ 7, 1.75, 7.25, 2 ], "texture": "#texture" },
        "east":  { "uv": [ 7.75, 1.75, 7.5, 2 ], "texture": "#texture" }
    }
},
{
    "from": [ 7.75, 13.75, 7.125 ],
    "to": [ 8.75, 14, 8.875 ],
    "faces": {
        "down":  { "uv": [ 7.75, 2.25, 8.75, 2 ], "texture": "#texture" },
        "up":    { "uv": [ 7.75, 2, 8.75, 2.25 ], "texture": "#texture" },
        "north": { "uv": [ 8.75, 2, 7.75, 2.25 ], "texture": "#texture" },
        "south": { "uv": [ 7.75, 2, 8.75, 2.25 ], "texture": "#texture" },
        "west":  { "uv": [ 7.75, 2, 8, 2.25 ], "texture": "#texture" },
        "east":  { "uv": [ 8.75, 2, 8.5, 2.25 ], "texture": "#texture" }
    }
},
{
    "from": [ 8, 2.25, 7.125 ],
    "to": [ 8.75, 2.5, 8.875 ],
    "faces": {
        "down":  { "uv": [ 8, 13.75, 8.75, 13.5 ], "texture": "#texture" },
        "up":    { "uv": [ 8, 13.5, 8.75, 13.75 ], "texture": "#texture" },
        "north": { "uv": [ 8.75, 13.5, 8, 13.75 ], "texture": "#texture" },
        "south": { "uv": [ 8, 13.5, 8.75, 13.75 ], "texture": "#texture" },
        "west":  { "uv": [ 8, 13.5, 8.25, 13.75 ], "texture": "#texture" },
        "east":  { "uv": [ 8.75, 13.5, 8.5, 13.75 ], "texture": "#texture" }
    }
},
{
    "from": [ 8.25, 2.5, 7.125 ],
    "to": [ 9.25, 2.75, 8.875 ],
    "faces": {
        "down":  { "uv": [ 8.25, 13.5, 9.25, 13.25 ], "texture": "#texture" },
        "up":    { "uv": [ 8.25, 13.25, 9.25, 13.5 ], "texture": "#texture" },
        "north": { "uv": [ 9.25, 13.25, 8.25, 13.5 ], "texture": "#texture" },
        "south": { "uv": [ 8.25, 13.25, 9.25, 13.5 ], "texture": "#texture" },
        "west":  { "uv": [ 8.25, 13.25, 8.5, 13.5 ], "texture": "#texture" },
        "east":  { "uv": [ 9.25, 13.25, 9, 13.5 ], "texture": "#texture" }
    }
},
{
    "from": [ 9, 13.5, 7.125 ],
    "to": [ 9.25, 13.75, 8.875 ],
    "faces": {
        "down":  { "uv": [ 9, 2.5, 9.25, 2.25 ], "texture": "#texture" },
        "up":    { "uv": [ 9, 2.25, 9.25, 2.5 ], "texture": "#texture" },
        "north": { "uv": [ 9.25, 2.25, 9, 2.5 ], "texture": "#texture" },
        "south": { "uv": [ 9, 2.25, 9.25, 2.5 ], "texture": "#texture" },
        "west":  { "uv": [ 9, 2.25, 9.25, 2.5 ], "texture": "#texture" },
        "east":  { "uv": [ 9.25, 2.25, 9, 2.5 ], "texture": "#texture" }
    }
},
{
    "from": [ 9, 2.75, 7.125 ],
    "to": [ 9.75, 3, 8.875 ],
    "faces": {
        "down":  { "uv": [ 9, 13.25, 9.75, 13 ], "texture": "#texture" },
        "up":    { "uv": [ 9, 13, 9.75, 13.25 ], "texture": "#texture" },
        "north": { "uv": [ 9.75, 13, 9, 13.25 ], "texture": "#texture" },
        "south": { "uv": [ 9, 13, 9.75, 13.25 ], "texture": "#texture" },
        "west":  { "uv": [ 9, 13, 9.25, 13.25 ], "texture": "#texture" },
        "east":  { "uv": [ 9.75, 13, 9.5, 13.25 ], "texture": "#texture" }
    }
},
{
    "from": [ 9.25, 13.25, 7.125 ],
    "to": [ 9.75, 13.5, 8.875 ],
    "faces": {
        "down":  { "uv": [ 9.25, 2.75, 9.75, 2.5 ], "texture": "#texture" },
        "up":    { "uv": [ 9.25, 2.5, 9.75, 2.75 ], "texture": "#texture" },
        "north": { "uv": [ 9.75, 2.5, 9.25, 2.75 ], "texture": "#texture" },
        "south": { "uv": [ 9.25, 2.5, 9.75, 2.75 ], "texture": "#texture" },
        "west":  { "uv": [ 9.25, 2.5, 9.5, 2.75 ], "texture": "#texture" },
        "east":  { "uv": [ 9.75, 2.5, 9.5, 2.75 ], "texture": "#texture" }
    }
},
{
    "from": [ 9.25, 3, 7.125 ],
    "to": [ 10, 3.25, 8.875 ],
    "faces": {
        "down":  { "uv": [ 9.25, 13, 10, 12.75 ], "texture": "#texture" },
        "up":    { "uv": [ 9.25, 12.75, 10, 13 ], "texture": "#texture" },
        "north": { "uv": [ 10, 12.75, 9.25, 13 ], "texture": "#texture" },
        "south": { "uv": [ 9.25, 12.75, 10, 13 ], "texture": "#texture" },
        "west":  { "uv": [ 9.25, 12.75, 9.5, 13 ], "texture": "#texture" },
        "east":  { "uv": [ 10, 12.75, 9.75, 13 ], "texture": "#texture" }
    }
},
{
    "from": [ 9.5, 13, 7.125 ],
    "to": [ 10, 13.25, 8.875 ],
    "faces": {
        "down":  { "uv": [ 9.5, 3, 10, 2.75 ], "texture": "#texture" },
        "up":    { "uv": [ 9.5, 2.75, 10, 3 ], "texture": "#texture" },
        "north": { "uv": [ 10, 2.75, 9.5, 3 ], "texture": "#texture" },
        "south": { "uv": [ 9.5, 2.75, 10, 3 ], "texture": "#texture" },
        "west":  { "uv": [ 9.5, 2.75, 9.75, 3 ], "texture": "#texture" },
        "east":  { "uv": [ 10, 2.75, 9.75, 3 ], "texture": "#texture" }
    }
},
{
    "from": [ 9.5, 3.25, 7.125 ],
    "to": [ 10.25, 3.5, 8.875 ],
    "faces": {
        "down":  { "uv": [ 9.5, 12.75, 10.25, 12.5 ], "texture": "#texture" },
        "up":    { "uv": [ 9.5, 12.5, 10.25, 12.75 ], "texture": "#texture" },
        "north": { "uv": [ 10.25, 12.5, 9.5, 12.75 ], "texture": "#texture" },
        "south": { "uv": [ 9.5, 12.5, 10.25, 12.75 ], "texture": "#texture" },
        "west":  { "uv": [ 9.5, 12.5, 9.75, 12.75 ], "texture": "#texture" },
        "east":  { "uv": [ 10.25, 12.5, 10, 12.75 ], "texture": "#texture" }
    }
},
{
    "from": [ 9.75, 12.5, 7.125 ],
    "to": [ 10, 13, 8.875 ],
    "faces": {
        "down":  { "uv": [ 9.75, 3.5, 10, 3.25 ], "texture": "#texture" },
        "up":    { "uv": [ 9.75, 3, 10, 3.25 ], "texture": "#texture" },
        "north": { "uv": [ 10, 3, 9.75, 3.5 ], "texture": "#texture" },
        "south": { "uv": [ 9.75, 3, 10, 3.5 ], "texture": "#texture" },
        "west":  { "uv": [ 9.75, 3, 10, 3.5 ], "texture": "#texture" },
        "east":  { "uv": [ 10, 3, 9.75, 3.5 ], "texture": "#texture" }
    }
},
{
    "from": [ 9.75, 3.5, 7.125 ],
    "to": [ 10.25, 3.75, 8.875 ],
    "faces": {
        "down":  { "uv": [ 9.75, 12.5, 10.25, 12.25 ], "texture": "#texture" },
        "up":    { "uv": [ 9.75, 12.25, 10.25, 12.5 ], "texture": "#texture" },
        "north": { "uv": [ 10.25, 12.25, 9.75, 12.5 ], "texture": "#texture" },
        "south": { "uv": [ 9.75, 12.25, 10.25, 12.5 ], "texture": "#texture" },
        "west":  { "uv": [ 9.75, 12.25, 10, 12.5 ], "texture": "#texture" },
        "east":  { "uv": [ 10.25, 12.25, 10, 12.5 ], "texture": "#texture" }
    }
},
{
    "from": [ 10, 12, 7.125 ],
    "to": [ 10.25, 12.75, 8.875 ],
    "faces": {
        "down":  { "uv": [ 10, 4, 10.25, 3.75 ], "texture": "#texture" },
        "up":    { "uv": [ 10, 3.25, 10.25, 3.5 ], "texture": "#texture" },
        "north": { "uv": [ 10.25, 3.25, 10, 4 ], "texture": "#texture" },
        "south": { "uv": [ 10, 3.25, 10.25, 4 ], "texture": "#texture" },
        "west":  { "uv": [ 10, 3.25, 10.25, 4 ], "texture": "#texture" },
        "east":  { "uv": [ 10.25, 3.25, 10, 4 ], "texture": "#texture" }
    }
},
{
    "from": [ 10, 3.75, 7.125 ],
    "to": [ 10.5, 4.25, 8.875 ],
    "faces": {
        "down":  { "uv": [ 10, 12.25, 10.5, 12 ], "texture": "#texture" },
        "up":    { "uv": [ 10, 11.75, 10.5, 12 ], "texture": "#texture" },
        "north": { "uv": [ 10.5, 11.75, 10, 12.25 ], "texture": "#texture" },
        "south": { "uv": [ 10, 11.75, 10.5, 12.25 ], "texture": "#texture" },
        "west":  { "uv": [ 10, 11.75, 10.25, 12.25 ], "texture": "#texture" },
        "east":  { "uv": [ 10.5, 11.75, 10.25, 12.25 ], "texture": "#texture" }
    }
},
{
    "from": [ 10.25, 11.75, 7.125 ],
    "to": [ 10.5, 12.5, 8.875 ],
    "faces": {
        "down":  { "uv": [ 10.25, 4.25, 10.5, 4 ], "texture": "#texture" },
        "up":    { "uv": [ 10.25, 3.5, 10.5, 3.75 ], "texture": "#texture" },
        "north": { "uv": [ 10.5, 3.5, 10.25, 4.25 ], "texture": "#texture" },
        "south": { "uv": [ 10.25, 3.5, 10.5, 4.25 ], "texture": "#texture" },
        "west":  { "uv": [ 10.25, 3.5, 10.5, 4.25 ], "texture": "#texture" },
        "east":  { "uv": [ 10.5, 3.5, 10.25, 4.25 ], "texture": "#texture" }
    }
},
{
    "from": [ 10.25, 4.25, 7.125 ],
    "to": [ 10.75, 4.75, 8.875 ],
    "faces": {
        "down":  { "uv": [ 10.25, 11.75, 10.75, 11.5 ], "texture": "#texture" },
        "up":    { "uv": [ 10.25, 11.25, 10.75, 11.5 ], "texture": "#texture" },
        "north": { "uv": [ 10.75, 11.25, 10.25, 11.75 ], "texture": "#texture" },
        "south": { "uv": [ 10.25, 11.25, 10.75, 11.75 ], "texture": "#texture" },
        "west":  { "uv": [ 10.25, 11.25, 10.5, 11.75 ], "texture": "#texture" },
        "east":  { "uv": [ 10.75, 11.25, 10.5, 11.75 ], "texture": "#texture" }
    }
},
{
    "from": [ 10.5, 10.75, 7.125 ],
    "to": [ 10.75, 11.75, 8.875 ],
    "faces": {
        "down":  { "uv": [ 10.5, 5.25, 10.75, 5 ], "texture": "#texture" },
        "up":    { "uv": [ 10.5, 4.25, 10.75, 4.5 ], "texture": "#texture" },
        "north": { "uv": [ 10.75, 4.25, 10.5, 5.25 ], "texture": "#texture" },
        "south": { "uv": [ 10.5, 4.25, 10.75, 5.25 ], "texture": "#texture" },
        "west":  { "uv": [ 10.5, 4.25, 10.75, 5.25 ], "texture": "#texture" },
        "east":  { "uv": [ 10.75, 4.25, 10.5, 5.25 ], "texture": "#texture" }
    }
},
{
    "from": [ 10.5, 4.75, 7.125 ],
    "to": [ 11, 5.25, 8.875 ],
    "faces": {
        "down":  { "uv": [ 10.5, 11.25, 11, 11 ], "texture": "#texture" },
        "up":    { "uv": [ 10.5, 10.75, 11, 11 ], "texture": "#texture" },
        "north": { "uv": [ 11, 10.75, 10.5, 11.25 ], "texture": "#texture" },
        "south": { "uv": [ 10.5, 10.75, 11, 11.25 ], "texture": "#texture" },
        "west":  { "uv": [ 10.5, 10.75, 10.75, 11.25 ], "texture": "#texture" },
        "east":  { "uv": [ 11, 10.75, 10.75, 11.25 ], "texture": "#texture" }
    }
},
{
    "from": [ 10.75, 5.25, 7.125 ],
    "to": [ 11, 5.5, 8.875 ],
    "faces": {
        "down":  { "uv": [ 10.75, 10.75, 11, 10.5 ], "texture": "#texture" },
        "up":    { "uv": [ 10.75, 10.5, 11, 10.75 ], "texture": "#texture" },
        "north": { "uv": [ 11, 10.5, 10.75, 10.75 ], "texture": "#texture" },
        "south": { "uv": [ 10.75, 10.5, 11, 10.75 ], "texture": "#texture" },
        "west":  { "uv": [ 10.75, 10.5, 11, 10.75 ], "texture": "#texture" },
        "east":  { "uv": [ 11, 10.5, 10.75, 10.75 ], "texture": "#texture" }
    }
},
{
    "from": [ 6.25, 14.25, 7.25 ],
    "to": [ 8, 14.5, 8.75 ],
    "faces": {
        "down":  { "uv": [ 6.25, 1.75, 8, 1.5 ], "texture": "#texture" },
        "up":    { "uv": [ 6.25, 1.5, 8, 1.75 ], "texture": "#texture" },
        "north": { "uv": [ 8, 1.5, 6.25, 1.75 ], "texture": "#texture" },
        "south": { "uv": [ 6.25, 1.5, 8, 1.75 ], "texture": "#texture" },
        "west":  { "uv": [ 6.25, 1.5, 6.5, 1.75 ], "texture": "#texture" },
        "east":  { "uv": [ 8, 1.5, 7.75, 1.75 ], "texture": "#texture" }
    }
},
{
    "from": [ 6.25, 1.75, 7.25 ],
    "to": [ 7.75, 2, 8.75 ],
    "faces": {
        "down":  { "uv": [ 6.25, 14.25, 7.75, 14 ], "texture": "#texture" },
        "up":    { "uv": [ 6.25, 14, 7.75, 14.25 ], "texture": "#texture" },
        "north": { "uv": [ 7.75, 14, 6.25, 14.25 ], "texture": "#texture" },
        "south": { "uv": [ 6.25, 14, 7.75, 14.25 ], "texture": "#texture" },
        "west":  { "uv": [ 6.25, 14, 6.5, 14.25 ], "texture": "#texture" },
        "east":  { "uv": [ 7.75, 14, 7.5, 14.25 ], "texture": "#texture" }
    }
},
{
    "from": [ 6.5, 14, 7.25 ],
    "to": [ 8.5, 14.25, 8.75 ],
    "faces": {
        "down":  { "uv": [ 6.5, 2, 8.5, 1.75 ], "texture": "#texture" },
        "up":    { "uv": [ 6.5, 1.75, 8.5, 2 ], "texture": "#texture" },
        "north": { "uv": [ 8.5, 1.75, 6.5, 2 ], "texture": "#texture" },
        "south": { "uv": [ 6.5, 1.75, 8.5, 2 ], "texture": "#texture" },
        "west":  { "uv": [ 6.5, 1.75, 6.75, 2 ], "texture": "#texture" },
        "east":  { "uv": [ 8.5, 1.75, 8.25, 2 ], "texture": "#texture" }
    }
},
{
    "from": [ 6.5, 2, 7.25 ],
    "to": [ 8.5, 2.25, 8.75 ],
    "faces": {
        "down":  { "uv": [ 6.5, 14, 8.5, 13.75 ], "texture": "#texture" },
        "up":    { "uv": [ 6.5, 13.75, 8.5, 14 ], "texture": "#texture" },
        "north": { "uv": [ 8.5, 13.75, 6.5, 14 ], "texture": "#texture" },
        "south": { "uv": [ 6.5, 13.75, 8.5, 14 ], "texture": "#texture" },
        "west":  { "uv": [ 6.5, 13.75, 6.75, 14 ], "texture": "#texture" },
        "east":  { "uv": [ 8.5, 13.75, 8.25, 14 ], "texture": "#texture" }
    }
},
{
    "from": [ 6.75, 13.75, 7.25 ],
    "to": [ 9.25, 14, 8.75 ],
    "faces": {
        "down":  { "uv": [ 6.75, 2.25, 9.25, 2 ], "texture": "#texture" },
        "up":    { "uv": [ 6.75, 2, 9.25, 2.25 ], "texture": "#texture" },
        "north": { "uv": [ 9.25, 2, 6.75, 2.25 ], "texture": "#texture" },
        "south": { "uv": [ 6.75, 2, 9.25, 2.25 ], "texture": "#texture" },
        "west":  { "uv": [ 6.75, 2, 7, 2.25 ], "texture": "#texture" },
        "east":  { "uv": [ 9.25, 2, 9, 2.25 ], "texture": "#texture" }
    }
},
{
    "from": [ 6.75, 2.25, 7.25 ],
    "to": [ 9, 2.5, 8.75 ],
    "faces": {
        "down":  { "uv": [ 6.75, 13.75, 9, 13.5 ], "texture": "#texture" },
        "up":    { "uv": [ 6.75, 13.5, 9, 13.75 ], "texture": "#texture" },
        "north": { "uv": [ 9, 13.5, 6.75, 13.75 ], "texture": "#texture" },
        "south": { "uv": [ 6.75, 13.5, 9, 13.75 ], "texture": "#texture" },
        "west":  { "uv": [ 6.75, 13.5, 7, 13.75 ], "texture": "#texture" },
        "east":  { "uv": [ 9, 13.5, 8.75, 13.75 ], "texture": "#texture" }
    }
},
{
    "from": [ 7.25, 13.5, 7.25 ],
    "to": [ 9.75, 13.75, 8.75 ],
    "faces": {
        "down":  { "uv": [ 7.25, 2.5, 9.75, 2.25 ], "texture": "#texture" },
        "up":    { "uv": [ 7.25, 2.25, 9.75, 2.5 ], "texture": "#texture" },
        "north": { "uv": [ 9.75, 2.25, 7.25, 2.5 ], "texture": "#texture" },
        "south": { "uv": [ 7.25, 2.25, 9.75, 2.5 ], "texture": "#texture" },
        "west":  { "uv": [ 7.25, 2.25, 7.5, 2.5 ], "texture": "#texture" },
        "east":  { "uv": [ 9.75, 2.25, 9.5, 2.5 ], "texture": "#texture" }
    }
},
{
    "from": [ 7.25, 2.5, 7.25 ],
    "to": [ 9.5, 2.75, 8.75 ],
    "faces": {
        "down":  { "uv": [ 7.25, 13.5, 9.5, 13.25 ], "texture": "#texture" },
        "up":    { "uv": [ 7.25, 13.25, 9.5, 13.5 ], "texture": "#texture" },
        "north": { "uv": [ 9.5, 13.25, 7.25, 13.5 ], "texture": "#texture" },
        "south": { "uv": [ 7.25, 13.25, 9.5, 13.5 ], "texture": "#texture" },
        "west":  { "uv": [ 7.25, 13.25, 7.5, 13.5 ], "texture": "#texture" },
        "east":  { "uv": [ 9.5, 13.25, 9.25, 13.5 ], "texture": "#texture" }
    }
},
{
    "from": [ 7.75, 13.25, 7.25 ],
    "to": [ 10, 13.5, 8.75 ],
    "faces": {
        "down":  { "uv": [ 7.75, 2.75, 10, 2.5 ], "texture": "#texture" },
        "up":    { "uv": [ 7.75, 2.5, 10, 2.75 ], "texture": "#texture" },
        "north": { "uv": [ 10, 2.5, 7.75, 2.75 ], "texture": "#texture" },
        "south": { "uv": [ 7.75, 2.5, 10, 2.75 ], "texture": "#texture" },
        "west":  { "uv": [ 7.75, 2.5, 8, 2.75 ], "texture": "#texture" },
        "east":  { "uv": [ 10, 2.5, 9.75, 2.75 ], "texture": "#texture" }
    }
},
{
    "from": [ 7.75, 2.75, 7.25 ],
    "to": [ 10, 3, 8.75 ],
    "faces": {
        "down":  { "uv": [ 7.75, 13.25, 10, 13 ], "texture": "#texture" },
        "up":    { "uv": [ 7.75, 13, 10, 13.25 ], "texture": "#texture" },
        "north": { "uv": [ 10, 13, 7.75, 13.25 ], "texture": "#texture" },
        "south": { "uv": [ 7.75, 13, 10, 13.25 ], "texture": "#texture" },
        "west":  { "uv": [ 7.75, 13, 8, 13.25 ], "texture": "#texture" },
        "east":  { "uv": [ 10, 13, 9.75, 13.25 ], "texture": "#texture" }
    }
},
{
    "from": [ 8, 13, 7.25 ],
    "to": [ 10.25, 13.25, 8.75 ],
    "faces": {
        "down":  { "uv": [ 8, 3, 10.25, 2.75 ], "texture": "#texture" },
        "up":    { "uv": [ 8, 2.75, 10.25, 3 ], "texture": "#texture" },
        "north": { "uv": [ 10.25, 2.75, 8, 3 ], "texture": "#texture" },
        "south": { "uv": [ 8, 2.75, 10.25, 3 ], "texture": "#texture" },
        "west":  { "uv": [ 8, 2.75, 8.25, 3 ], "texture": "#texture" },
        "east":  { "uv": [ 10.25, 2.75, 10, 3 ], "texture": "#texture" }
    }
},
{
    "from": [ 8, 3, 7.25 ],
    "to": [ 10.25, 3.25, 8.75 ],
    "faces": {
        "down":  { "uv": [ 8, 13, 10.25, 12.75 ], "texture": "#texture" },
        "up":    { "uv": [ 8, 12.75, 10.25, 13 ], "texture": "#texture" },
        "north": { "uv": [ 10.25, 12.75, 8, 13 ], "texture": "#texture" },
        "south": { "uv": [ 8, 12.75, 10.25, 13 ], "texture": "#texture" },
        "west":  { "uv": [ 8, 12.75, 8.25, 13 ], "texture": "#texture" },
        "east":  { "uv": [ 10.25, 12.75, 10, 13 ], "texture": "#texture" }
    }
},
{
    "from": [ 8.25, 12.75, 7.25 ],
    "to": [ 10.5, 13, 8.75 ],
    "faces": {
        "down":  { "uv": [ 8.25, 3.25, 10.5, 3 ], "texture": "#texture" },
        "up":    { "uv": [ 8.25, 3, 10.5, 3.25 ], "texture": "#texture" },
        "north": { "uv": [ 10.5, 3, 8.25, 3.25 ], "texture": "#texture" },
        "south": { "uv": [ 8.25, 3, 10.5, 3.25 ], "texture": "#texture" },
        "west":  { "uv": [ 8.25, 3, 8.5, 3.25 ], "texture": "#texture" },
        "east":  { "uv": [ 10.5, 3, 10.25, 3.25 ], "texture": "#texture" }
    }
},
{
    "from": [ 8.25, 3.25, 7.25 ],
    "to": [ 10.5, 3.5, 8.75 ],
    "faces": {
        "down":  { "uv": [ 8.25, 12.75, 10.5, 12.5 ], "texture": "#texture" },
        "up":    { "uv": [ 8.25, 12.5, 10.5, 12.75 ], "texture": "#texture" },
        "north": { "uv": [ 10.5, 12.5, 8.25, 12.75 ], "texture": "#texture" },
        "south": { "uv": [ 8.25, 12.5, 10.5, 12.75 ], "texture": "#texture" },
        "west":  { "uv": [ 8.25, 12.5, 8.5, 12.75 ], "texture": "#texture" },
        "east":  { "uv": [ 10.5, 12.5, 10.25, 12.75 ], "texture": "#texture" }
    }
},
{
    "from": [ 8.5, 12.25, 7.25 ],
    "to": [ 10.75, 12.75, 8.75 ],
    "faces": {
        "down":  { "uv": [ 8.5, 3.75, 10.75, 3.5 ], "texture": "#texture" },
        "up":    { "uv": [ 8.5, 3.25, 10.75, 3.5 ], "texture": "#texture" },
        "north": { "uv": [ 10.75, 3.25, 8.5, 3.75 ], "texture": "#texture" },
        "south": { "uv": [ 8.5, 3.25, 10.75, 3.75 ], "texture": "#texture" },
        "west":  { "uv": [ 8.5, 3.25, 8.75, 3.75 ], "texture": "#texture" },
        "east":  { "uv": [ 10.75, 3.25, 10.5, 3.75 ], "texture": "#texture" }
    }
},
{
    "from": [ 8.5, 3.5, 7.25 ],
    "to": [ 10.75, 4, 8.75 ],
    "faces": {
        "down":  { "uv": [ 8.5, 12.5, 10.75, 12.25 ], "texture": "#texture" },
        "up":    { "uv": [ 8.5, 12, 10.75, 12.25 ], "texture": "#texture" },
        "north": { "uv": [ 10.75, 12, 8.5, 12.5 ], "texture": "#texture" },
        "south": { "uv": [ 8.5, 12, 10.75, 12.5 ], "texture": "#texture" },
        "west":  { "uv": [ 8.5, 12, 8.75, 12.5 ], "texture": "#texture" },
        "east":  { "uv": [ 10.75, 12, 10.5, 12.5 ], "texture": "#texture" }
    }
},
{
    "from": [ 8.75, 12, 7.25 ],
    "to": [ 10.75, 12.25, 8.75 ],
    "faces": {
        "down":  { "uv": [ 8.75, 4, 10.75, 3.75 ], "texture": "#texture" },
        "up":    { "uv": [ 8.75, 3.75, 10.75, 4 ], "texture": "#texture" },
        "north": { "uv": [ 10.75, 3.75, 8.75, 4 ], "texture": "#texture" },
        "south": { "uv": [ 8.75, 3.75, 10.75, 4 ], "texture": "#texture" },
        "west":  { "uv": [ 8.75, 3.75, 9, 4 ], "texture": "#texture" },
        "east":  { "uv": [ 10.75, 3.75, 10.5, 4 ], "texture": "#texture" }
    }
},
{
    "from": [ 8.75, 4, 7.25 ],
    "to": [ 10.75, 4.25, 8.75 ],
    "faces": {
        "down":  { "uv": [ 8.75, 12, 10.75, 11.75 ], "texture": "#texture" },
        "up":    { "uv": [ 8.75, 11.75, 10.75, 12 ], "texture": "#texture" },
        "north": { "uv": [ 10.75, 11.75, 8.75, 12 ], "texture": "#texture" },
        "south": { "uv": [ 8.75, 11.75, 10.75, 12 ], "texture": "#texture" },
        "west":  { "uv": [ 8.75, 11.75, 9, 12 ], "texture": "#texture" },
        "east":  { "uv": [ 10.75, 11.75, 10.5, 12 ], "texture": "#texture" }
    }
},
{
    "from": [ 9, 11.5, 7.25 ],
    "to": [ 10.75, 12, 8.75 ],
    "faces": {
        "down":  { "uv": [ 9, 4.5, 10.75, 4.25 ], "texture": "#texture" },
        "up":    { "uv": [ 9, 4, 10.75, 4.25 ], "texture": "#texture" },
        "north": { "uv": [ 10.75, 4, 9, 4.5 ], "texture": "#texture" },
        "south": { "uv": [ 9, 4, 10.75, 4.5 ], "texture": "#texture" },
        "west":  { "uv": [ 9, 4, 9.25, 4.5 ], "texture": "#texture" },
        "east":  { "uv": [ 10.75, 4, 10.5, 4.5 ], "texture": "#texture" }
    }
},
{
    "from": [ 9, 4.25, 7.25 ],
    "to": [ 10.75, 4.75, 8.75 ],
    "faces": {
        "down":  { "uv": [ 9, 11.75, 10.75, 11.5 ], "texture": "#texture" },
        "up":    { "uv": [ 9, 11.25, 10.75, 11.5 ], "texture": "#texture" },
        "north": { "uv": [ 10.75, 11.25, 9, 11.75 ], "texture": "#texture" },
        "south": { "uv": [ 9, 11.25, 10.75, 11.75 ], "texture": "#texture" },
        "west":  { "uv": [ 9, 11.25, 9.25, 11.75 ], "texture": "#texture" },
        "east":  { "uv": [ 10.75, 11.25, 10.5, 11.75 ], "texture": "#texture" }
    }
},
{
    "from": [ 9.5, 11.25, 7.25 ],
    "to": [ 11, 11.5, 8.75 ],
    "faces": {
        "down":  { "uv": [ 9.5, 4.75, 11, 4.5 ], "texture": "#texture" },
        "up":    { "uv": [ 9.5, 4.5, 11, 4.75 ], "texture": "#texture" },
        "north": { "uv": [ 11, 4.5, 9.5, 4.75 ], "texture": "#texture" },
        "south": { "uv": [ 9.5, 4.5, 11, 4.75 ], "texture": "#texture" },
        "west":  { "uv": [ 9.5, 4.5, 9.75, 4.75 ], "texture": "#texture" },
        "east":  { "uv": [ 11, 4.5, 10.75, 4.75 ], "texture": "#texture" }
    }
},
{
    "from": [ 9.5, 4.75, 7.25 ],
    "to": [ 11, 5, 8.75 ],
    "faces": {
        "down":  { "uv": [ 9.5, 11.25, 11, 11 ], "texture": "#texture" },
        "up":    { "uv": [ 9.5, 11, 11, 11.25 ], "texture": "#texture" },
        "north": { "uv": [ 11, 11, 9.5, 11.25 ], "texture": "#texture" },
        "south": { "uv": [ 9.5, 11, 11, 11.25 ], "texture": "#texture" },
        "west":  { "uv": [ 9.5, 11, 9.75, 11.25 ], "texture": "#texture" },
        "east":  { "uv": [ 11, 11, 10.75, 11.25 ], "texture": "#texture" }
    }
},
{
    "from": [ 9.75, 11, 7.25 ],
    "to": [ 11, 11.25, 8.75 ],
    "faces": {
        "down":  { "uv": [ 9.75, 5, 11, 4.75 ], "texture": "#texture" },
        "up":    { "uv": [ 9.75, 4.75, 11, 5 ], "texture": "#texture" },
        "north": { "uv": [ 11, 4.75, 9.75, 5 ], "texture": "#texture" },
        "south": { "uv": [ 9.75, 4.75, 11, 5 ], "texture": "#texture" },
        "west":  { "uv": [ 9.75, 4.75, 10, 5 ], "texture": "#texture" },
        "east":  { "uv": [ 11, 4.75, 10.75, 5 ], "texture": "#texture" }
    }
},
{
    "from": [ 9.75, 5, 7.25 ],
    "to": [ 11, 5.25, 8.75 ],
    "faces": {
        "down":  { "uv": [ 9.75, 11, 11, 10.75 ], "texture": "#texture" },
        "up":    { "uv": [ 9.75, 10.75, 11, 11 ], "texture": "#texture" },
        "north": { "uv": [ 11, 10.75, 9.75, 11 ], "texture": "#texture" },
        "south": { "uv": [ 9.75, 10.75, 11, 11 ], "texture": "#texture" },
        "west":  { "uv": [ 9.75, 10.75, 10, 11 ], "texture": "#texture" },
        "east":  { "uv": [ 11, 10.75, 10.75, 11 ], "texture": "#texture" }
    }
},
{
    "from": [ 10, 10.5, 7.25 ],
    "to": [ 11, 11, 8.75 ],
    "faces": {
        "down":  { "uv": [ 10, 5.5, 11, 5.25 ], "texture": "#texture" },
        "up":    { "uv": [ 10, 5, 11, 5.25 ], "texture": "#texture" },
        "north": { "uv": [ 11, 5, 10, 5.5 ], "texture": "#texture" },
        "south": { "uv": [ 10, 5, 11, 5.5 ], "texture": "#texture" },
        "west":  { "uv": [ 10, 5, 10.25, 5.5 ], "texture": "#texture" },
        "east":  { "uv": [ 11, 5, 10.75, 5.5 ], "texture": "#texture" }
    }
},
{
    "from": [ 10, 5.25, 7.25 ],
    "to": [ 11, 5.75, 8.75 ],
    "faces": {
        "down":  { "uv": [ 10, 10.75, 11, 10.5 ], "texture": "#texture" },
        "up":    { "uv": [ 10, 10.25, 11, 10.5 ], "texture": "#texture" },
        "north": { "uv": [ 11, 10.25, 10, 10.75 ], "texture": "#texture" },
        "south": { "uv": [ 10, 10.25, 11, 10.75 ], "texture": "#texture" },
        "west":  { "uv": [ 10, 10.25, 10.25, 10.75 ], "texture": "#texture" },
        "east":  { "uv": [ 11, 10.25, 10.75, 10.75 ], "texture": "#texture" }
    }
},
{
    "from": [ 10.25, 10.25, 7.25 ],
    "to": [ 11, 10.5, 8.75 ],
    "faces": {
        "down":  { "uv": [ 10.25, 5.75, 11, 5.5 ], "texture": "#texture" },
        "up":    { "uv": [ 10.25, 5.5, 11, 5.75 ], "texture": "#texture" },
        "north": { "uv": [ 11, 5.5, 10.25, 5.75 ], "texture": "#texture" },
        "south": { "uv": [ 10.25, 5.5, 11, 5.75 ], "texture": "#texture" },
        "west":  { "uv": [ 10.25, 5.5, 10.5, 5.75 ], "texture": "#texture" },
        "east":  { "uv": [ 11, 5.5, 10.75, 5.75 ], "texture": "#texture" }
    }
},
{
    "from": [ 10.25, 5.75, 7.25 ],
    "to": [ 11, 6, 8.75 ],
    "faces": {
        "down":  { "uv": [ 10.25, 10.25, 11, 10 ], "texture": "#texture" },
        "up":    { "uv": [ 10.25, 10, 11, 10.25 ], "texture": "#texture" },
        "north": { "uv": [ 11, 10, 10.25, 10.25 ], "texture": "#texture" },
        "south": { "uv": [ 10.25, 10, 11, 10.25 ], "texture": "#texture" },
        "west":  { "uv": [ 10.25, 10, 10.5, 10.25 ], "texture": "#texture" },
        "east":  { "uv": [ 11, 10, 10.75, 10.25 ], "texture": "#texture" }
    }
},
{
    "from": [ 10.5, 10, 7.25 ],
    "to": [ 11, 10.25, 8.75 ],
    "faces": {
        "down":  { "uv": [ 10.5, 6, 11, 5.75 ], "texture": "#texture" },
        "up":    { "uv": [ 10.5, 5.75, 11, 6 ], "texture": "#texture" },
        "north": { "uv": [ 11, 5.75, 10.5, 6 ], "texture": "#texture" },
        "south": { "uv": [ 10.5, 5.75, 11, 6 ], "texture": "#texture" },
        "west":  { "uv": [ 10.5, 5.75, 10.75, 6 ], "texture": "#texture" },
        "east":  { "uv": [ 11, 5.75, 10.75, 6 ], "texture": "#texture" }
    }
},
{
    "from": [ 10.5, 6, 7.25 ],
    "to": [ 11, 6.5, 8.75 ],
    "faces": {
        "down":  { "uv": [ 10.5, 10, 11, 9.75 ], "texture": "#texture" },
        "up":    { "uv": [ 10.5, 9.5, 11, 9.75 ], "texture": "#texture" },
        "north": { "uv": [ 11, 9.5, 10.5, 10 ], "texture": "#texture" },
        "south": { "uv": [ 10.5, 9.5, 11, 10 ], "texture": "#texture" },
        "west":  { "uv": [ 10.5, 9.5, 10.75, 10 ], "texture": "#texture" },
        "east":  { "uv": [ 11, 9.5, 10.75, 10 ], "texture": "#texture" }
    }
},
{
    "from": [ 10.75, 11.5, 7.25 ],
    "to": [ 11, 11.75, 8.75 ],
    "faces": {
        "down":  { "uv": [ 10.75, 4.5, 11, 4.25 ], "texture": "#texture" },
        "up":    { "uv": [ 10.75, 4.25, 11, 4.5 ], "texture": "#texture" },
        "north": { "uv": [ 11, 4.25, 10.75, 4.5 ], "texture": "#texture" },
        "south": { "uv": [ 10.75, 4.25, 11, 4.5 ], "texture": "#texture" },
        "west":  { "uv": [ 10.75, 4.25, 11, 4.5 ], "texture": "#texture" },
        "east":  { "uv": [ 11, 4.25, 10.75, 4.5 ], "texture": "#texture" }
    }
},
{
    "from": [ 10.75, 9.75, 7.25 ],
    "to": [ 11, 10, 8.75 ],
    "faces": {
        "down":  { "uv": [ 10.75, 6.25, 11, 6 ], "texture": "#texture" },
        "up":    { "uv": [ 10.75, 6, 11, 6.25 ], "texture": "#texture" },
        "north": { "uv": [ 11, 6, 10.75, 6.25 ], "texture": "#texture" },
        "south": { "uv": [ 10.75, 6, 11, 6.25 ], "texture": "#texture" },
        "west":  { "uv": [ 10.75, 6, 11, 6.25 ], "texture": "#texture" },
        "east":  { "uv": [ 11, 6, 10.75, 6.25 ], "texture": "#texture" }
    }
},
{
    "from": [ 10.75, 4.5, 7.25 ],
    "to": [ 11, 4.75, 8.75 ],
    "faces": {
        "down":  { "uv": [ 10.75, 11.5, 11, 11.25 ], "texture": "#texture" },
        "up":    { "uv": [ 10.75, 11.25, 11, 11.5 ], "texture": "#texture" },
        "north": { "uv": [ 11, 11.25, 10.75, 11.5 ], "texture": "#texture" },
        "south": { "uv": [ 10.75, 11.25, 11, 11.5 ], "texture": "#texture" },
        "west":  { "uv": [ 10.75, 11.25, 11, 11.5 ], "texture": "#texture" },
        "east":  { "uv": [ 11, 11.25, 10.75, 11.5 ], "texture": "#texture" }
    }
},
{
    "from": [ 6, 14.25, 7.5 ],
    "to": [ 8.5, 14.5, 8.5 ],
    "faces": {
        "down":  { "uv": [ 6, 1.75, 8.5, 1.5 ], "texture": "#texture" },
        "up":    { "uv": [ 6, 1.5, 8.5, 1.75 ], "texture": "#texture" },
        "north": { "uv": [ 8.5, 1.5, 6, 1.75 ], "texture": "#texture" },
        "south": { "uv": [ 6, 1.5, 8.5, 1.75 ], "texture": "#texture" },
        "west":  { "uv": [ 6, 1.5, 6.25, 1.75 ], "texture": "#texture" },
        "east":  { "uv": [ 8.5, 1.5, 8.25, 1.75 ], "texture": "#texture" }
    }
},
{
    "from": [ 6, 1.75, 7.5 ],
    "to": [ 8.5, 2, 8.5 ],
    "faces": {
        "down":  { "uv": [ 6, 14.25, 8.5, 14 ], "texture": "#texture" },
        "up":    { "uv": [ 6, 14, 8.5, 14.25 ], "texture": "#texture" },
        "north": { "uv": [ 8.5, 14, 6, 14.25 ], "texture": "#texture" },
        "south": { "uv": [ 6, 14, 8.5, 14.25 ], "texture": "#texture" },
        "west":  { "uv": [ 6, 14, 6.25, 14.25 ], "texture": "#texture" },
        "east":  { "uv": [ 8.5, 14, 8.25, 14.25 ], "texture": "#texture" }
    }
},
{
    "from": [ 6.25, 14.5, 7.5 ],
    "to": [ 8, 14.75, 8.5 ],
    "faces": {
        "down":  { "uv": [ 6.25, 1.5, 8, 1.25 ], "texture": "#texture" },
        "up":    { "uv": [ 6.25, 1.25, 8, 1.5 ], "texture": "#texture" },
        "north": { "uv": [ 8, 1.25, 6.25, 1.5 ], "texture": "#texture" },
        "south": { "uv": [ 6.25, 1.25, 8, 1.5 ], "texture": "#texture" },
        "west":  { "uv": [ 6.25, 1.25, 6.5, 1.5 ], "texture": "#texture" },
        "east":  { "uv": [ 8, 1.25, 7.75, 1.5 ], "texture": "#texture" }
    }
},
{
    "from": [ 6.25, 14, 7.5 ],
    "to": [ 9.25, 14.25, 8.5 ],
    "faces": {
        "down":  { "uv": [ 6.25, 2, 9.25, 1.75 ], "texture": "#texture" },
        "up":    { "uv": [ 6.25, 1.75, 9.25, 2 ], "texture": "#texture" },
        "north": { "uv": [ 9.25, 1.75, 6.25, 2 ], "texture": "#texture" },
        "south": { "uv": [ 6.25, 1.75, 9.25, 2 ], "texture": "#texture" },
        "west":  { "uv": [ 6.25, 1.75, 6.5, 2 ], "texture": "#texture" },
        "east":  { "uv": [ 9.25, 1.75, 9, 2 ], "texture": "#texture" }
    }
},
{
    "from": [ 6.25, 2, 7.5 ],
    "to": [ 9, 2.25, 8.5 ],
    "faces": {
        "down":  { "uv": [ 6.25, 14, 9, 13.75 ], "texture": "#texture" },
        "up":    { "uv": [ 6.25, 13.75, 9, 14 ], "texture": "#texture" },
        "north": { "uv": [ 9, 13.75, 6.25, 14 ], "texture": "#texture" },
        "south": { "uv": [ 6.25, 13.75, 9, 14 ], "texture": "#texture" },
        "west":  { "uv": [ 6.25, 13.75, 6.5, 14 ], "texture": "#texture" },
        "east":  { "uv": [ 9, 13.75, 8.75, 14 ], "texture": "#texture" }
    }
},
{
    "from": [ 6.25, 1.5, 7.5 ],
    "to": [ 7.75, 1.75, 8.5 ],
    "faces": {
        "down":  { "uv": [ 6.25, 14.5, 7.75, 14.25 ], "texture": "#texture" },
        "up":    { "uv": [ 6.25, 14.25, 7.75, 14.5 ], "texture": "#texture" },
        "north": { "uv": [ 7.75, 14.25, 6.25, 14.5 ], "texture": "#texture" },
        "south": { "uv": [ 6.25, 14.25, 7.75, 14.5 ], "texture": "#texture" },
        "west":  { "uv": [ 6.25, 14.25, 6.5, 14.5 ], "texture": "#texture" },
        "east":  { "uv": [ 7.75, 14.25, 7.5, 14.5 ], "texture": "#texture" }
    }
},
{
    "from": [ 6.5, 13.75, 7.5 ],
    "to": [ 9.75, 14, 8.5 ],
    "faces": {
        "down":  { "uv": [ 6.5, 2.25, 9.75, 2 ], "texture": "#texture" },
        "up":    { "uv": [ 6.5, 2, 9.75, 2.25 ], "texture": "#texture" },
        "north": { "uv": [ 9.75, 2, 6.5, 2.25 ], "texture": "#texture" },
        "south": { "uv": [ 6.5, 2, 9.75, 2.25 ], "texture": "#texture" },
        "west":  { "uv": [ 6.5, 2, 6.75, 2.25 ], "texture": "#texture" },
        "east":  { "uv": [ 9.75, 2, 9.5, 2.25 ], "texture": "#texture" }
    }
},
{
    "from": [ 6.5, 2.25, 7.5 ],
    "to": [ 9.5, 2.5, 8.5 ],
    "faces": {
        "down":  { "uv": [ 6.5, 13.75, 9.5, 13.5 ], "texture": "#texture" },
        "up":    { "uv": [ 6.5, 13.5, 9.5, 13.75 ], "texture": "#texture" },
        "north": { "uv": [ 9.5, 13.5, 6.5, 13.75 ], "texture": "#texture" },
        "south": { "uv": [ 6.5, 13.5, 9.5, 13.75 ], "texture": "#texture" },
        "west":  { "uv": [ 6.5, 13.5, 6.75, 13.75 ], "texture": "#texture" },
        "east":  { "uv": [ 9.5, 13.5, 9.25, 13.75 ], "texture": "#texture" }
    }
},
{
    "from": [ 6.75, 13.5, 7.5 ],
    "to": [ 10, 13.75, 8.5 ],
    "faces": {
        "down":  { "uv": [ 6.75, 2.5, 10, 2.25 ], "texture": "#texture" },
        "up":    { "uv": [ 6.75, 2.25, 10, 2.5 ], "texture": "#texture" },
        "north": { "uv": [ 10, 2.25, 6.75, 2.5 ], "texture": "#texture" },
        "south": { "uv": [ 6.75, 2.25, 10, 2.5 ], "texture": "#texture" },
        "west":  { "uv": [ 6.75, 2.25, 7, 2.5 ], "texture": "#texture" },
        "east":  { "uv": [ 10, 2.25, 9.75, 2.5 ], "texture": "#texture" }
    }
},
{
    "from": [ 6.75, 2.5, 7.5 ],
    "to": [ 10, 2.75, 8.5 ],
    "faces": {
        "down":  { "uv": [ 6.75, 13.5, 10, 13.25 ], "texture": "#texture" },
        "up":    { "uv": [ 6.75, 13.25, 10, 13.5 ], "texture": "#texture" },
        "north": { "uv": [ 10, 13.25, 6.75, 13.5 ], "texture": "#texture" },
        "south": { "uv": [ 6.75, 13.25, 10, 13.5 ], "texture": "#texture" },
        "west":  { "uv": [ 6.75, 13.25, 7, 13.5 ], "texture": "#texture" },
        "east":  { "uv": [ 10, 13.25, 9.75, 13.5 ], "texture": "#texture" }
    }
},
{
    "from": [ 7.25, 13.25, 7.5 ],
    "to": [ 10.25, 13.5, 8.5 ],
    "faces": {
        "down":  { "uv": [ 7.25, 2.75, 10.25, 2.5 ], "texture": "#texture" },
        "up":    { "uv": [ 7.25, 2.5, 10.25, 2.75 ], "texture": "#texture" },
        "north": { "uv": [ 10.25, 2.5, 7.25, 2.75 ], "texture": "#texture" },
        "south": { "uv": [ 7.25, 2.5, 10.25, 2.75 ], "texture": "#texture" },
        "west":  { "uv": [ 7.25, 2.5, 7.5, 2.75 ], "texture": "#texture" },
        "east":  { "uv": [ 10.25, 2.5, 10, 2.75 ], "texture": "#texture" }
    }
},
{
    "from": [ 7.25, 2.75, 7.5 ],
    "to": [ 10.25, 3, 8.5 ],
    "faces": {
        "down":  { "uv": [ 7.25, 13.25, 10.25, 13 ], "texture": "#texture" },
        "up":    { "uv": [ 7.25, 13, 10.25, 13.25 ], "texture": "#texture" },
        "north": { "uv": [ 10.25, 13, 7.25, 13.25 ], "texture": "#texture" },
        "south": { "uv": [ 7.25, 13, 10.25, 13.25 ], "texture": "#texture" },
        "west":  { "uv": [ 7.25, 13, 7.5, 13.25 ], "texture": "#texture" },
        "east":  { "uv": [ 10.25, 13, 10, 13.25 ], "texture": "#texture" }
    }
},
{
    "from": [ 7.75, 13, 7.5 ],
    "to": [ 10.5, 13.25, 8.5 ],
    "faces": {
        "down":  { "uv": [ 7.75, 3, 10.5, 2.75 ], "texture": "#texture" },
        "up":    { "uv": [ 7.75, 2.75, 10.5, 3 ], "texture": "#texture" },
        "north": { "uv": [ 10.5, 2.75, 7.75, 3 ], "texture": "#texture" },
        "south": { "uv": [ 7.75, 2.75, 10.5, 3 ], "texture": "#texture" },
        "west":  { "uv": [ 7.75, 2.75, 8, 3 ], "texture": "#texture" },
        "east":  { "uv": [ 10.5, 2.75, 10.25, 3 ], "texture": "#texture" }
    }
},
{
    "from": [ 7.75, 3, 7.5 ],
    "to": [ 10.75, 3.25, 8.5 ],
    "faces": {
        "down":  { "uv": [ 7.75, 13, 10.75, 12.75 ], "texture": "#texture" },
        "up":    { "uv": [ 7.75, 12.75, 10.75, 13 ], "texture": "#texture" },
        "north": { "uv": [ 10.75, 12.75, 7.75, 13 ], "texture": "#texture" },
        "south": { "uv": [ 7.75, 12.75, 10.75, 13 ], "texture": "#texture" },
        "west":  { "uv": [ 7.75, 12.75, 8, 13 ], "texture": "#texture" },
        "east":  { "uv": [ 10.75, 12.75, 10.5, 13 ], "texture": "#texture" }
    }
},
{
    "from": [ 8, 12.75, 7.5 ],
    "to": [ 10.75, 13, 8.5 ],
    "faces": {
        "down":  { "uv": [ 8, 3.25, 10.75, 3 ], "texture": "#texture" },
        "up":    { "uv": [ 8, 3, 10.75, 3.25 ], "texture": "#texture" },
        "north": { "uv": [ 10.75, 3, 8, 3.25 ], "texture": "#texture" },
        "south": { "uv": [ 8, 3, 10.75, 3.25 ], "texture": "#texture" },
        "west":  { "uv": [ 8, 3, 8.25, 3.25 ], "texture": "#texture" },
        "east":  { "uv": [ 10.75, 3, 10.5, 3.25 ], "texture": "#texture" }
    }
},
{
    "from": [ 8, 3.25, 7.5 ],
    "to": [ 10.75, 3.5, 8.5 ],
    "faces": {
        "down":  { "uv": [ 8, 12.75, 10.75, 12.5 ], "texture": "#texture" },
        "up":    { "uv": [ 8, 12.5, 10.75, 12.75 ], "texture": "#texture" },
        "north": { "uv": [ 10.75, 12.5, 8, 12.75 ], "texture": "#texture" },
        "south": { "uv": [ 8, 12.5, 10.75, 12.75 ], "texture": "#texture" },
        "west":  { "uv": [ 8, 12.5, 8.25, 12.75 ], "texture": "#texture" },
        "east":  { "uv": [ 10.75, 12.5, 10.5, 12.75 ], "texture": "#texture" }
    }
},
{
    "from": [ 8.25, 12.25, 7.5 ],
    "to": [ 11, 12.75, 8.5 ],
    "faces": {
        "down":  { "uv": [ 8.25, 3.75, 11, 3.5 ], "texture": "#texture" },
        "up":    { "uv": [ 8.25, 3.25, 11, 3.5 ], "texture": "#texture" },
        "north": { "uv": [ 11, 3.25, 8.25, 3.75 ], "texture": "#texture" },
        "south": { "uv": [ 8.25, 3.25, 11, 3.75 ], "texture": "#texture" },
        "west":  { "uv": [ 8.25, 3.25, 8.5, 3.75 ], "texture": "#texture" },
        "east":  { "uv": [ 11, 3.25, 10.75, 3.75 ], "texture": "#texture" }
    }
},
{
    "from": [ 8.25, 3.5, 7.5 ],
    "to": [ 11, 4, 8.5 ],
    "faces": {
        "down":  { "uv": [ 8.25, 12.5, 11, 12.25 ], "texture": "#texture" },
        "up":    { "uv": [ 8.25, 12, 11, 12.25 ], "texture": "#texture" },
        "north": { "uv": [ 11, 12, 8.25, 12.5 ], "texture": "#texture" },
        "south": { "uv": [ 8.25, 12, 11, 12.5 ], "texture": "#texture" },
        "west":  { "uv": [ 8.25, 12, 8.5, 12.5 ], "texture": "#texture" },
        "east":  { "uv": [ 11, 12, 10.75, 12.5 ], "texture": "#texture" }
    }
},
{
    "from": [ 8.5, 12, 7.5 ],
    "to": [ 11, 12.25, 8.5 ],
    "faces": {
        "down":  { "uv": [ 8.5, 4, 11, 3.75 ], "texture": "#texture" },
        "up":    { "uv": [ 8.5, 3.75, 11, 4 ], "texture": "#texture" },
        "north": { "uv": [ 11, 3.75, 8.5, 4 ], "texture": "#texture" },
        "south": { "uv": [ 8.5, 3.75, 11, 4 ], "texture": "#texture" },
        "west":  { "uv": [ 8.5, 3.75, 8.75, 4 ], "texture": "#texture" },
        "east":  { "uv": [ 11, 3.75, 10.75, 4 ], "texture": "#texture" }
    }
},
{
    "from": [ 8.5, 4, 7.5 ],
    "to": [ 11, 4.25, 8.5 ],
    "faces": {
        "down":  { "uv": [ 8.5, 12, 11, 11.75 ], "texture": "#texture" },
        "up":    { "uv": [ 8.5, 11.75, 11, 12 ], "texture": "#texture" },
        "north": { "uv": [ 11, 11.75, 8.5, 12 ], "texture": "#texture" },
        "south": { "uv": [ 8.5, 11.75, 11, 12 ], "texture": "#texture" },
        "west":  { "uv": [ 8.5, 11.75, 8.75, 12 ], "texture": "#texture" },
        "east":  { "uv": [ 11, 11.75, 10.75, 12 ], "texture": "#texture" }
    }
},
{
    "from": [ 8.75, 11.5, 7.5 ],
    "to": [ 11, 12, 8.5 ],
    "faces": {
        "down":  { "uv": [ 8.75, 4.5, 11, 4.25 ], "texture": "#texture" },
        "up":    { "uv": [ 8.75, 4, 11, 4.25 ], "texture": "#texture" },
        "north": { "uv": [ 11, 4, 8.75, 4.5 ], "texture": "#texture" },
        "south": { "uv": [ 8.75, 4, 11, 4.5 ], "texture": "#texture" },
        "west":  { "uv": [ 8.75, 4, 9, 4.5 ], "texture": "#texture" },
        "east":  { "uv": [ 11, 4, 10.75, 4.5 ], "texture": "#texture" }
    }
},
{
    "from": [ 8.75, 4.25, 7.5 ],
    "to": [ 11, 4.75, 8.5 ],
    "faces": {
        "down":  { "uv": [ 8.75, 11.75, 11, 11.5 ], "texture": "#texture" },
        "up":    { "uv": [ 8.75, 11.25, 11, 11.5 ], "texture": "#texture" },
        "north": { "uv": [ 11, 11.25, 8.75, 11.75 ], "texture": "#texture" },
        "south": { "uv": [ 8.75, 11.25, 11, 11.75 ], "texture": "#texture" },
        "west":  { "uv": [ 8.75, 11.25, 9, 11.75 ], "texture": "#texture" },
        "east":  { "uv": [ 11, 11.25, 10.75, 11.75 ], "texture": "#texture" }
    }
},
{
    "from": [ 9, 11.25, 7.5 ],
    "to": [ 11.25, 11.5, 8.5 ],
    "faces": {
        "down":  { "uv": [ 9, 4.75, 11.25, 4.5 ], "texture": "#texture" },
        "up":    { "uv": [ 9, 4.5, 11.25, 4.75 ], "texture": "#texture" },
        "north": { "uv": [ 11.25, 4.5, 9, 4.75 ], "texture": "#texture" },
        "south": { "uv": [ 9, 4.5, 11.25, 4.75 ], "texture": "#texture" },
        "west":  { "uv": [ 9, 4.5, 9.25, 4.75 ], "texture": "#texture" },
        "east":  { "uv": [ 11.25, 4.5, 11, 4.75 ], "texture": "#texture" }
    }
},
{
    "from": [ 9, 4.75, 7.5 ],
    "to": [ 11.25, 5, 8.5 ],
    "faces": {
        "down":  { "uv": [ 9, 11.25, 11.25, 11 ], "texture": "#texture" },
        "up":    { "uv": [ 9, 11, 11.25, 11.25 ], "texture": "#texture" },
        "north": { "uv": [ 11.25, 11, 9, 11.25 ], "texture": "#texture" },
        "south": { "uv": [ 9, 11, 11.25, 11.25 ], "texture": "#texture" },
        "west":  { "uv": [ 9, 11, 9.25, 11.25 ], "texture": "#texture" },
        "east":  { "uv": [ 11.25, 11, 11, 11.25 ], "texture": "#texture" }
    }
},
{
    "from": [ 9.5, 11, 7.5 ],
    "to": [ 11.25, 11.25, 8.5 ],
    "faces": {
        "down":  { "uv": [ 9.5, 5, 11.25, 4.75 ], "texture": "#texture" },
        "up":    { "uv": [ 9.5, 4.75, 11.25, 5 ], "texture": "#texture" },
        "north": { "uv": [ 11.25, 4.75, 9.5, 5 ], "texture": "#texture" },
        "south": { "uv": [ 9.5, 4.75, 11.25, 5 ], "texture": "#texture" },
        "west":  { "uv": [ 9.5, 4.75, 9.75, 5 ], "texture": "#texture" },
        "east":  { "uv": [ 11.25, 4.75, 11, 5 ], "texture": "#texture" }
    }
},
{
    "from": [ 9.5, 5, 7.5 ],
    "to": [ 11.25, 5.25, 8.5 ],
    "faces": {
        "down":  { "uv": [ 9.5, 11, 11.25, 10.75 ], "texture": "#texture" },
        "up":    { "uv": [ 9.5, 10.75, 11.25, 11 ], "texture": "#texture" },
        "north": { "uv": [ 11.25, 10.75, 9.5, 11 ], "texture": "#texture" },
        "south": { "uv": [ 9.5, 10.75, 11.25, 11 ], "texture": "#texture" },
        "west":  { "uv": [ 9.5, 10.75, 9.75, 11 ], "texture": "#texture" },
        "east":  { "uv": [ 11.25, 10.75, 11, 11 ], "texture": "#texture" }
    }
},
{
    "from": [ 9.75, 10.5, 7.5 ],
    "to": [ 11.25, 11, 8.5 ],
    "faces": {
        "down":  { "uv": [ 9.75, 5.5, 11.25, 5.25 ], "texture": "#texture" },
        "up":    { "uv": [ 9.75, 5, 11.25, 5.25 ], "texture": "#texture" },
        "north": { "uv": [ 11.25, 5, 9.75, 5.5 ], "texture": "#texture" },
        "south": { "uv": [ 9.75, 5, 11.25, 5.5 ], "texture": "#texture" },
        "west":  { "uv": [ 9.75, 5, 10, 5.5 ], "texture": "#texture" },
        "east":  { "uv": [ 11.25, 5, 11, 5.5 ], "texture": "#texture" }
    }
},
{
    "from": [ 9.75, 5.25, 7.5 ],
    "to": [ 11.25, 5.75, 8.5 ],
    "faces": {
        "down":  { "uv": [ 9.75, 10.75, 11.25, 10.5 ], "texture": "#texture" },
        "up":    { "uv": [ 9.75, 10.25, 11.25, 10.5 ], "texture": "#texture" },
        "north": { "uv": [ 11.25, 10.25, 9.75, 10.75 ], "texture": "#texture" },
        "south": { "uv": [ 9.75, 10.25, 11.25, 10.75 ], "texture": "#texture" },
        "west":  { "uv": [ 9.75, 10.25, 10, 10.75 ], "texture": "#texture" },
        "east":  { "uv": [ 11.25, 10.25, 11, 10.75 ], "texture": "#texture" }
    }
},
{
    "from": [ 10, 10.25, 7.5 ],
    "to": [ 11.25, 10.5, 8.5 ],
    "faces": {
        "down":  { "uv": [ 10, 5.75, 11.25, 5.5 ], "texture": "#texture" },
        "up":    { "uv": [ 10, 5.5, 11.25, 5.75 ], "texture": "#texture" },
        "north": { "uv": [ 11.25, 5.5, 10, 5.75 ], "texture": "#texture" },
        "south": { "uv": [ 10, 5.5, 11.25, 5.75 ], "texture": "#texture" },
        "west":  { "uv": [ 10, 5.5, 10.25, 5.75 ], "texture": "#texture" },
        "east":  { "uv": [ 11.25, 5.5, 11, 5.75 ], "texture": "#texture" }
    }
},
{
    "from": [ 10, 5.75, 7.5 ],
    "to": [ 11.25, 6, 8.5 ],
    "faces": {
        "down":  { "uv": [ 10, 10.25, 11.25, 10 ], "texture": "#texture" },
        "up":    { "uv": [ 10, 10, 11.25, 10.25 ], "texture": "#texture" },
        "north": { "uv": [ 11.25, 10, 10, 10.25 ], "texture": "#texture" },
        "south": { "uv": [ 10, 10, 11.25, 10.25 ], "texture": "#texture" },
        "west":  { "uv": [ 10, 10, 10.25, 10.25 ], "texture": "#texture" },
        "east":  { "uv": [ 11.25, 10, 11, 10.25 ], "texture": "#texture" }
    }
},
{
    "from": [ 10.25, 10, 7.5 ],
    "to": [ 11.25, 10.25, 8.5 ],
    "faces": {
        "down":  { "uv": [ 10.25, 6, 11.25, 5.75 ], "texture": "#texture" },
        "up":    { "uv": [ 10.25, 5.75, 11.25, 6 ], "texture": "#texture" },
        "north": { "uv": [ 11.25, 5.75, 10.25, 6 ], "texture": "#texture" },
        "south": { "uv": [ 10.25, 5.75, 11.25, 6 ], "texture": "#texture" },
        "west":  { "uv": [ 10.25, 5.75, 10.5, 6 ], "texture": "#texture" },
        "east":  { "uv": [ 11.25, 5.75, 11, 6 ], "texture": "#texture" }
    }
},
{
    "from": [ 10.25, 6, 7.5 ],
    "to": [ 11.25, 6.5, 8.5 ],
    "faces": {
        "down":  { "uv": [ 10.25, 10, 11.25, 9.75 ], "texture": "#texture" },
        "up":    { "uv": [ 10.25, 9.5, 11.25, 9.75 ], "texture": "#texture" },
        "north": { "uv": [ 11.25, 9.5, 10.25, 10 ], "texture": "#texture" },
        "south": { "uv": [ 10.25, 9.5, 11.25, 10 ], "texture": "#texture" },
        "west":  { "uv": [ 10.25, 9.5, 10.5, 10 ], "texture": "#texture" },
        "east":  { "uv": [ 11.25, 9.5, 11, 10 ], "texture": "#texture" }
    }
},
{
    "from": [ 10.5, 9.5, 7.5 ],
    "to": [ 11, 10, 8.5 ],
    "faces": {
        "down":  { "uv": [ 10.5, 6.5, 11, 6.25 ], "texture": "#texture" },
        "up":    { "uv": [ 10.5, 6, 11, 6.25 ], "texture": "#texture" },
        "north": { "uv": [ 11, 6, 10.5, 6.5 ], "texture": "#texture" },
        "south": { "uv": [ 10.5, 6, 11, 6.5 ], "texture": "#texture" },
        "west":  { "uv": [ 10.5, 6, 10.75, 6.5 ], "texture": "#texture" },
        "east":  { "uv": [ 11, 6, 10.75, 6.5 ], "texture": "#texture" }
    }
},
{
    "from": [ 10.5, 6.5, 7.5 ],
    "to": [ 11, 6.75, 8.5 ],
    "faces": {
        "down":  { "uv": [ 10.5, 9.5, 11, 9.25 ], "texture": "#texture" },
        "up":    { "uv": [ 10.5, 9.25, 11, 9.5 ], "texture": "#texture" },
        "north": { "uv": [ 11, 9.25, 10.5, 9.5 ], "texture": "#texture" },
        "south": { "uv": [ 10.5, 9.25, 11, 9.5 ], "texture": "#texture" },
        "west":  { "uv": [ 10.5, 9.25, 10.75, 9.5 ], "texture": "#texture" },
        "east":  { "uv": [ 11, 9.25, 10.75, 9.5 ], "texture": "#texture" }
    }
},
{
    "from": [ 10.75, 9.25, 7.5 ],
    "to": [ 11.25, 9.5, 8.5 ],
    "faces": {
        "down":  { "uv": [ 10.75, 6.75, 11.25, 6.5 ], "texture": "#texture" },
        "up":    { "uv": [ 10.75, 6.5, 11.25, 6.75 ], "texture": "#texture" },
        "north": { "uv": [ 11.25, 6.5, 10.75, 6.75 ], "texture": "#texture" },
        "south": { "uv": [ 10.75, 6.5, 11.25, 6.75 ], "texture": "#texture" },
        "west":  { "uv": [ 10.75, 6.5, 11, 6.75 ], "texture": "#texture" },
        "east":  { "uv": [ 11.25, 6.5, 11, 6.75 ], "texture": "#texture" }
    }
},
{
    "from": [ 10.75, 6.75, 7.5 ],
    "to": [ 11.25, 7.25, 8.5 ],
    "faces": {
        "down":  { "uv": [ 10.75, 9.25, 11.25, 9 ], "texture": "#texture" },
        "up":    { "uv": [ 10.75, 8.75, 11.25, 9 ], "texture": "#texture" },
        "north": { "uv": [ 11.25, 8.75, 10.75, 9.25 ], "texture": "#texture" },
        "south": { "uv": [ 10.75, 8.75, 11.25, 9.25 ], "texture": "#texture" },
        "west":  { "uv": [ 10.75, 8.75, 11, 9.25 ], "texture": "#texture" },
        "east":  { "uv": [ 11.25, 8.75, 11, 9.25 ], "texture": "#texture" }
    }
},
{
    "from": [ 11, 11.5, 7.5 ],
    "to": [ 11.25, 11.75, 8.5 ],
    "faces": {
        "down":  { "uv": [ 11, 4.5, 11.25, 4.25 ], "texture": "#texture" },
        "up":    { "uv": [ 11, 4.25, 11.25, 4.5 ], "texture": "#texture" },
        "north": { "uv": [ 11.25, 4.25, 11, 4.5 ], "texture": "#texture" },
        "south": { "uv": [ 11, 4.25, 11.25, 4.5 ], "texture": "#texture" },
        "west":  { "uv": [ 11, 4.25, 11.25, 4.5 ], "texture": "#texture" },
        "east":  { "uv": [ 11.25, 4.25, 11, 4.5 ], "texture": "#texture" }
    }
},
{
    "from": [ 11, 9.75, 7.5 ],
    "to": [ 11.25, 10, 8.5 ],
    "faces": {
        "down":  { "uv": [ 11, 6.25, 11.25, 6 ], "texture": "#texture" },
        "up":    { "uv": [ 11, 6, 11.25, 6.25 ], "texture": "#texture" },
        "north": { "uv": [ 11.25, 6, 11, 6.25 ], "texture": "#texture" },
        "south": { "uv": [ 11, 6, 11.25, 6.25 ], "texture": "#texture" },
        "west":  { "uv": [ 11, 6, 11.25, 6.25 ], "texture": "#texture" },
        "east":  { "uv": [ 11.25, 6, 11, 6.25 ], "texture": "#texture" }
    }
},
{
    "from": [ 11, 9, 7.5 ],
    "to": [ 11.25, 9.25, 8.5 ],
    "faces": {
        "down":  { "uv": [ 11, 7, 11.25, 6.75 ], "texture": "#texture" },
        "up":    { "uv": [ 11, 6.75, 11.25, 7 ], "texture": "#texture" },
        "north": { "uv": [ 11.25, 6.75, 11, 7 ], "texture": "#texture" },
        "south": { "uv": [ 11, 6.75, 11.25, 7 ], "texture": "#texture" },
        "west":  { "uv": [ 11, 6.75, 11.25, 7 ], "texture": "#texture" },
        "east":  { "uv": [ 11.25, 6.75, 11, 7 ], "texture": "#texture" }
    }
},
{
    "from": [ 11, 4.5, 7.5 ],
    "to": [ 11.25, 4.75, 8.5 ],
    "faces": {
        "down":  { "uv": [ 11, 11.5, 11.25, 11.25 ], "texture": "#texture" },
        "up":    { "uv": [ 11, 11.25, 11.25, 11.5 ], "texture": "#texture" },
        "north": { "uv": [ 11.25, 11.25, 11, 11.5 ], "texture": "#texture" },
        "south": { "uv": [ 11, 11.25, 11.25, 11.5 ], "texture": "#texture" },
        "west":  { "uv": [ 11, 11.25, 11.25, 11.5 ], "texture": "#texture" },
        "east":  { "uv": [ 11.25, 11.25, 11, 11.5 ], "texture": "#texture" }
    }
},
{
    "from": [ 5, 14.25, 7.75 ],
    "to": [ 9.25, 14.5, 8.25 ],
    "faces": {
        "down":  { "uv": [ 5, 1.75, 9.25, 1.5 ], "texture": "#texture" },
        "up":    { "uv": [ 5, 1.5, 9.25, 1.75 ], "texture": "#texture" },
        "north": { "uv": [ 9.25, 1.5, 5, 1.75 ], "texture": "#texture" },
        "south": { "uv": [ 5, 1.5, 9.25, 1.75 ], "texture": "#texture" },
        "west":  { "uv": [ 5, 1.5, 5.25, 1.75 ], "texture": "#texture" },
        "east":  { "uv": [ 9.25, 1.5, 9, 1.75 ], "texture": "#texture" }
    }
},
{
    "from": [ 5, 1.75, 7.75 ],
    "to": [ 9, 2, 8.25 ],
    "faces": {
        "down":  { "uv": [ 5, 14.25, 9, 14 ], "texture": "#texture" },
        "up":    { "uv": [ 5, 14, 9, 14.25 ], "texture": "#texture" },
        "north": { "uv": [ 9, 14, 5, 14.25 ], "texture": "#texture" },
        "south": { "uv": [ 5, 14, 9, 14.25 ], "texture": "#texture" },
        "west":  { "uv": [ 5, 14, 5.25, 14.25 ], "texture": "#texture" },
        "east":  { "uv": [ 9, 14, 8.75, 14.25 ], "texture": "#texture" }
    }
},
{
    "from": [ 5.5, 14.5, 7.75 ],
    "to": [ 8.5, 14.75, 8.25 ],
    "faces": {
        "down":  { "uv": [ 5.5, 1.5, 8.5, 1.25 ], "texture": "#texture" },
        "up":    { "uv": [ 5.5, 1.25, 8.5, 1.5 ], "texture": "#texture" },
        "north": { "uv": [ 8.5, 1.25, 5.5, 1.5 ], "texture": "#texture" },
        "south": { "uv": [ 5.5, 1.25, 8.5, 1.5 ], "texture": "#texture" },
        "west":  { "uv": [ 5.5, 1.25, 5.75, 1.5 ], "texture": "#texture" },
        "east":  { "uv": [ 8.5, 1.25, 8.25, 1.5 ], "texture": "#texture" }
    }
},
{
    "from": [ 5.5, 14, 7.75 ],
    "to": [ 9.75, 14.25, 8.25 ],
    "faces": {
        "down":  { "uv": [ 5.5, 2, 9.75, 1.75 ], "texture": "#texture" },
        "up":    { "uv": [ 5.5, 1.75, 9.75, 2 ], "texture": "#texture" },
        "north": { "uv": [ 9.75, 1.75, 5.5, 2 ], "texture": "#texture" },
        "south": { "uv": [ 5.5, 1.75, 9.75, 2 ], "texture": "#texture" },
        "west":  { "uv": [ 5.5, 1.75, 5.75, 2 ], "texture": "#texture" },
        "east":  { "uv": [ 9.75, 1.75, 9.5, 2 ], "texture": "#texture" }
    }
},
{
    "from": [ 5.5, 2, 7.75 ],
    "to": [ 9.5, 2.25, 8.25 ],
    "faces": {
        "down":  { "uv": [ 5.5, 14, 9.5, 13.75 ], "texture": "#texture" },
        "up":    { "uv": [ 5.5, 13.75, 9.5, 14 ], "texture": "#texture" },
        "north": { "uv": [ 9.5, 13.75, 5.5, 14 ], "texture": "#texture" },
        "south": { "uv": [ 5.5, 13.75, 9.5, 14 ], "texture": "#texture" },
        "west":  { "uv": [ 5.5, 13.75, 5.75, 14 ], "texture": "#texture" },
        "east":  { "uv": [ 9.5, 13.75, 9.25, 14 ], "texture": "#texture" }
    }
},
{
    "from": [ 5.5, 1.5, 7.75 ],
    "to": [ 8.5, 1.75, 8.25 ],
    "faces": {
        "down":  { "uv": [ 5.5, 14.5, 8.5, 14.25 ], "texture": "#texture" },
        "up":    { "uv": [ 5.5, 14.25, 8.5, 14.5 ], "texture": "#texture" },
        "north": { "uv": [ 8.5, 14.25, 5.5, 14.5 ], "texture": "#texture" },
        "south": { "uv": [ 5.5, 14.25, 8.5, 14.5 ], "texture": "#texture" },
        "west":  { "uv": [ 5.5, 14.25, 5.75, 14.5 ], "texture": "#texture" },
        "east":  { "uv": [ 8.5, 14.25, 8.25, 14.5 ], "texture": "#texture" }
    }
},
{
    "from": [ 5.75, 2.25, 7.875 ],
    "to": [ 6, 14, 8.125 ],
    "faces": {
        "down":  { "uv": [ 5.75, 13.75, 6, 13.5 ], "texture": "#texture" },
        "up":    { "uv": [ 5.75, 2, 6, 2.25 ], "texture": "#texture" },
        "north": { "uv": [ 6, 2, 5.75, 13.75 ], "texture": "#texture" },
        "south": { "uv": [ 5.75, 2, 6, 13.75 ], "texture": "#texture" },
        "west":  { "uv": [ 5.75, 2, 6, 13.75 ], "texture": "#texture" },
        "east":  { "uv": [ 6, 2, 5.75, 13.75 ], "texture": "#texture" }
    }
},
{
    "from": [ 6.25, 14.75, 7.75 ],
    "to": [ 8, 15, 8.25 ],
    "faces": {
        "down":  { "uv": [ 6.25, 1.25, 8, 1 ], "texture": "#texture" },
        "up":    { "uv": [ 6.25, 1, 8, 1.25 ], "texture": "#texture" },
        "north": { "uv": [ 8, 1, 6.25, 1.25 ], "texture": "#texture" },
        "south": { "uv": [ 6.25, 1, 8, 1.25 ], "texture": "#texture" },
        "west":  { "uv": [ 6.25, 1, 6.5, 1.25 ], "texture": "#texture" },
        "east":  { "uv": [ 8, 1, 7.75, 1.25 ], "texture": "#texture" }
    }
},
{
    "from": [ 6.25, 13.75, 7.75 ],
    "to": [ 10, 14, 8.25 ],
    "faces": {
        "down":  { "uv": [ 6.25, 2.25, 10, 2 ], "texture": "#texture" },
        "up":    { "uv": [ 6.25, 2, 10, 2.25 ], "texture": "#texture" },
        "north": { "uv": [ 10, 2, 6.25, 2.25 ], "texture": "#texture" },
        "south": { "uv": [ 6.25, 2, 10, 2.25 ], "texture": "#texture" },
        "west":  { "uv": [ 6.25, 2, 6.5, 2.25 ], "texture": "#texture" },
        "east":  { "uv": [ 10, 2, 9.75, 2.25 ], "texture": "#texture" }
    }
},
{
    "from": [ 6.25, 2.25, 7.75 ],
    "to": [ 10, 2.5, 8.25 ],
    "faces": {
        "down":  { "uv": [ 6.25, 13.75, 10, 13.5 ], "texture": "#texture" },
        "up":    { "uv": [ 6.25, 13.5, 10, 13.75 ], "texture": "#texture" },
        "north": { "uv": [ 10, 13.5, 6.25, 13.75 ], "texture": "#texture" },
        "south": { "uv": [ 6.25, 13.5, 10, 13.75 ], "texture": "#texture" },
        "west":  { "uv": [ 6.25, 13.5, 6.5, 13.75 ], "texture": "#texture" },
        "east":  { "uv": [ 10, 13.5, 9.75, 13.75 ], "texture": "#texture" }
    }
},
{
    "from": [ 6.25, 1.25, 7.75 ],
    "to": [ 7.75, 1.5, 8.25 ],
    "faces": {
        "down":  { "uv": [ 6.25, 14.75, 7.75, 14.5 ], "texture": "#texture" },
        "up":    { "uv": [ 6.25, 14.5, 7.75, 14.75 ], "texture": "#texture" },
        "north": { "uv": [ 7.75, 14.5, 6.25, 14.75 ], "texture": "#texture" },
        "south": { "uv": [ 6.25, 14.5, 7.75, 14.75 ], "texture": "#texture" },
        "west":  { "uv": [ 6.25, 14.5, 6.5, 14.75 ], "texture": "#texture" },
        "east":  { "uv": [ 7.75, 14.5, 7.5, 14.75 ], "texture": "#texture" }
    }
},
{
    "from": [ 6.5, 13.5, 7.75 ],
    "to": [ 10.25, 13.75, 8.25 ],
    "faces": {
        "down":  { "uv": [ 6.5, 2.5, 10.25, 2.25 ], "texture": "#texture" },
        "up":    { "uv": [ 6.5, 2.25, 10.25, 2.5 ], "texture": "#texture" },
        "north": { "uv": [ 10.25, 2.25, 6.5, 2.5 ], "texture": "#texture" },
        "south": { "uv": [ 6.5, 2.25, 10.25, 2.5 ], "texture": "#texture" },
        "west":  { "uv": [ 6.5, 2.25, 6.75, 2.5 ], "texture": "#texture" },
        "east":  { "uv": [ 10.25, 2.25, 10, 2.5 ], "texture": "#texture" }
    }
},
{
    "from": [ 6.5, 2.5, 7.75 ],
    "to": [ 10.25, 2.75, 8.25 ],
    "faces": {
        "down":  { "uv": [ 6.5, 13.5, 10.25, 13.25 ], "texture": "#texture" },
        "up":    { "uv": [ 6.5, 13.25, 10.25, 13.5 ], "texture": "#texture" },
        "north": { "uv": [ 10.25, 13.25, 6.5, 13.5 ], "texture": "#texture" },
        "south": { "uv": [ 6.5, 13.25, 10.25, 13.5 ], "texture": "#texture" },
        "west":  { "uv": [ 6.5, 13.25, 6.75, 13.5 ], "texture": "#texture" },
        "east":  { "uv": [ 10.25, 13.25, 10, 13.5 ], "texture": "#texture" }
    }
},
{
    "from": [ 6.75, 13.25, 7.75 ],
    "to": [ 10.5, 13.5, 8.25 ],
    "faces": {
        "down":  { "uv": [ 6.75, 2.75, 10.5, 2.5 ], "texture": "#texture" },
        "up":    { "uv": [ 6.75, 2.5, 10.5, 2.75 ], "texture": "#texture" },
        "north": { "uv": [ 10.5, 2.5, 6.75, 2.75 ], "texture": "#texture" },
        "south": { "uv": [ 6.75, 2.5, 10.5, 2.75 ], "texture": "#texture" },
        "west":  { "uv": [ 6.75, 2.5, 7, 2.75 ], "texture": "#texture" },
        "east":  { "uv": [ 10.5, 2.5, 10.25, 2.75 ], "texture": "#texture" }
    }
},
{
    "from": [ 6.75, 2.75, 7.75 ],
    "to": [ 10.75, 3, 8.25 ],
    "faces": {
        "down":  { "uv": [ 6.75, 13.25, 10.75, 13 ], "texture": "#texture" },
        "up":    { "uv": [ 6.75, 13, 10.75, 13.25 ], "texture": "#texture" },
        "north": { "uv": [ 10.75, 13, 6.75, 13.25 ], "texture": "#texture" },
        "south": { "uv": [ 6.75, 13, 10.75, 13.25 ], "texture": "#texture" },
        "west":  { "uv": [ 6.75, 13, 7, 13.25 ], "texture": "#texture" },
        "east":  { "uv": [ 10.75, 13, 10.5, 13.25 ], "texture": "#texture" }
    }
},
{
    "from": [ 7.25, 13, 7.75 ],
    "to": [ 10.75, 13.25, 8.25 ],
    "faces": {
        "down":  { "uv": [ 7.25, 3, 10.75, 2.75 ], "texture": "#texture" },
        "up":    { "uv": [ 7.25, 2.75, 10.75, 3 ], "texture": "#texture" },
        "north": { "uv": [ 10.75, 2.75, 7.25, 3 ], "texture": "#texture" },
        "south": { "uv": [ 7.25, 2.75, 10.75, 3 ], "texture": "#texture" },
        "west":  { "uv": [ 7.25, 2.75, 7.5, 3 ], "texture": "#texture" },
        "east":  { "uv": [ 10.75, 2.75, 10.5, 3 ], "texture": "#texture" }
    }
},
{
    "from": [ 7.25, 3, 7.75 ],
    "to": [ 11, 3.25, 8.25 ],
    "faces": {
        "down":  { "uv": [ 7.25, 13, 11, 12.75 ], "texture": "#texture" },
        "up":    { "uv": [ 7.25, 12.75, 11, 13 ], "texture": "#texture" },
        "north": { "uv": [ 11, 12.75, 7.25, 13 ], "texture": "#texture" },
        "south": { "uv": [ 7.25, 12.75, 11, 13 ], "texture": "#texture" },
        "west":  { "uv": [ 7.25, 12.75, 7.5, 13 ], "texture": "#texture" },
        "east":  { "uv": [ 11, 12.75, 10.75, 13 ], "texture": "#texture" }
    }
},
{
    "from": [ 7.75, 12.75, 7.75 ],
    "to": [ 11, 13, 8.25 ],
    "faces": {
        "down":  { "uv": [ 7.75, 3.25, 11, 3 ], "texture": "#texture" },
        "up":    { "uv": [ 7.75, 3, 11, 3.25 ], "texture": "#texture" },
        "north": { "uv": [ 11, 3, 7.75, 3.25 ], "texture": "#texture" },
        "south": { "uv": [ 7.75, 3, 11, 3.25 ], "texture": "#texture" },
        "west":  { "uv": [ 7.75, 3, 8, 3.25 ], "texture": "#texture" },
        "east":  { "uv": [ 11, 3, 10.75, 3.25 ], "texture": "#texture" }
    }
},
{
    "from": [ 7.75, 3.25, 7.75 ],
    "to": [ 11, 3.5, 8.25 ],
    "faces": {
        "down":  { "uv": [ 7.75, 12.75, 11, 12.5 ], "texture": "#texture" },
        "up":    { "uv": [ 7.75, 12.5, 11, 12.75 ], "texture": "#texture" },
        "north": { "uv": [ 11, 12.5, 7.75, 12.75 ], "texture": "#texture" },
        "south": { "uv": [ 7.75, 12.5, 11, 12.75 ], "texture": "#texture" },
        "west":  { "uv": [ 7.75, 12.5, 8, 12.75 ], "texture": "#texture" },
        "east":  { "uv": [ 11, 12.5, 10.75, 12.75 ], "texture": "#texture" }
    }
},
{
    "from": [ 8, 12.25, 7.75 ],
    "to": [ 11.25, 12.75, 8.25 ],
    "faces": {
        "down":  { "uv": [ 8, 3.75, 11.25, 3.5 ], "texture": "#texture" },
        "up":    { "uv": [ 8, 3.25, 11.25, 3.5 ], "texture": "#texture" },
        "north": { "uv": [ 11.25, 3.25, 8, 3.75 ], "texture": "#texture" },
        "south": { "uv": [ 8, 3.25, 11.25, 3.75 ], "texture": "#texture" },
        "west":  { "uv": [ 8, 3.25, 8.25, 3.75 ], "texture": "#texture" },
        "east":  { "uv": [ 11.25, 3.25, 11, 3.75 ], "texture": "#texture" }
    }
},
{
    "from": [ 8, 3.5, 7.75 ],
    "to": [ 11.25, 4, 8.25 ],
    "faces": {
        "down":  { "uv": [ 8, 12.5, 11.25, 12.25 ], "texture": "#texture" },
        "up":    { "uv": [ 8, 12, 11.25, 12.25 ], "texture": "#texture" },
        "north": { "uv": [ 11.25, 12, 8, 12.5 ], "texture": "#texture" },
        "south": { "uv": [ 8, 12, 11.25, 12.5 ], "texture": "#texture" },
        "west":  { "uv": [ 8, 12, 8.25, 12.5 ], "texture": "#texture" },
        "east":  { "uv": [ 11.25, 12, 11, 12.5 ], "texture": "#texture" }
    }
},
{
    "from": [ 8.25, 12, 7.75 ],
    "to": [ 11.25, 12.25, 8.25 ],
    "faces": {
        "down":  { "uv": [ 8.25, 4, 11.25, 3.75 ], "texture": "#texture" },
        "up":    { "uv": [ 8.25, 3.75, 11.25, 4 ], "texture": "#texture" },
        "north": { "uv": [ 11.25, 3.75, 8.25, 4 ], "texture": "#texture" },
        "south": { "uv": [ 8.25, 3.75, 11.25, 4 ], "texture": "#texture" },
        "west":  { "uv": [ 8.25, 3.75, 8.5, 4 ], "texture": "#texture" },
        "east":  { "uv": [ 11.25, 3.75, 11, 4 ], "texture": "#texture" }
    }
},
{
    "from": [ 8.25, 4, 7.75 ],
    "to": [ 11.25, 4.25, 8.25 ],
    "faces": {
        "down":  { "uv": [ 8.25, 12, 11.25, 11.75 ], "texture": "#texture" },
        "up":    { "uv": [ 8.25, 11.75, 11.25, 12 ], "texture": "#texture" },
        "north": { "uv": [ 11.25, 11.75, 8.25, 12 ], "texture": "#texture" },
        "south": { "uv": [ 8.25, 11.75, 11.25, 12 ], "texture": "#texture" },
        "west":  { "uv": [ 8.25, 11.75, 8.5, 12 ], "texture": "#texture" },
        "east":  { "uv": [ 11.25, 11.75, 11, 12 ], "texture": "#texture" }
    }
},
{
    "from": [ 8.5, 11.5, 7.75 ],
    "to": [ 11.25, 12, 8.25 ],
    "faces": {
        "down":  { "uv": [ 8.5, 4.5, 11.25, 4.25 ], "texture": "#texture" },
        "up":    { "uv": [ 8.5, 4, 11.25, 4.25 ], "texture": "#texture" },
        "north": { "uv": [ 11.25, 4, 8.5, 4.5 ], "texture": "#texture" },
        "south": { "uv": [ 8.5, 4, 11.25, 4.5 ], "texture": "#texture" },
        "west":  { "uv": [ 8.5, 4, 8.75, 4.5 ], "texture": "#texture" },
        "east":  { "uv": [ 11.25, 4, 11, 4.5 ], "texture": "#texture" }
    }
},
{
    "from": [ 8.5, 4.25, 7.75 ],
    "to": [ 11.25, 4.75, 8.25 ],
    "faces": {
        "down":  { "uv": [ 8.5, 11.75, 11.25, 11.5 ], "texture": "#texture" },
        "up":    { "uv": [ 8.5, 11.25, 11.25, 11.5 ], "texture": "#texture" },
        "north": { "uv": [ 11.25, 11.25, 8.5, 11.75 ], "texture": "#texture" },
        "south": { "uv": [ 8.5, 11.25, 11.25, 11.75 ], "texture": "#texture" },
        "west":  { "uv": [ 8.5, 11.25, 8.75, 11.75 ], "texture": "#texture" },
        "east":  { "uv": [ 11.25, 11.25, 11, 11.75 ], "texture": "#texture" }
    }
},
{
    "from": [ 8.75, 11.25, 7.75 ],
    "to": [ 11.5, 11.5, 8.25 ],
    "faces": {
        "down":  { "uv": [ 8.75, 4.75, 11.5, 4.5 ], "texture": "#texture" },
        "up":    { "uv": [ 8.75, 4.5, 11.5, 4.75 ], "texture": "#texture" },
        "north": { "uv": [ 11.5, 4.5, 8.75, 4.75 ], "texture": "#texture" },
        "south": { "uv": [ 8.75, 4.5, 11.5, 4.75 ], "texture": "#texture" },
        "west":  { "uv": [ 8.75, 4.5, 9, 4.75 ], "texture": "#texture" },
        "east":  { "uv": [ 11.5, 4.5, 11.25, 4.75 ], "texture": "#texture" }
    }
},
{
    "from": [ 8.75, 4.75, 7.75 ],
    "to": [ 11.5, 5, 8.25 ],
    "faces": {
        "down":  { "uv": [ 8.75, 11.25, 11.5, 11 ], "texture": "#texture" },
        "up":    { "uv": [ 8.75, 11, 11.5, 11.25 ], "texture": "#texture" },
        "north": { "uv": [ 11.5, 11, 8.75, 11.25 ], "texture": "#texture" },
        "south": { "uv": [ 8.75, 11, 11.5, 11.25 ], "texture": "#texture" },
        "west":  { "uv": [ 8.75, 11, 9, 11.25 ], "texture": "#texture" },
        "east":  { "uv": [ 11.5, 11, 11.25, 11.25 ], "texture": "#texture" }
    }
},
{
    "from": [ 9, 11, 7.75 ],
    "to": [ 11.5, 11.25, 8.25 ],
    "faces": {
        "down":  { "uv": [ 9, 5, 11.5, 4.75 ], "texture": "#texture" },
        "up":    { "uv": [ 9, 4.75, 11.5, 5 ], "texture": "#texture" },
        "north": { "uv": [ 11.5, 4.75, 9, 5 ], "texture": "#texture" },
        "south": { "uv": [ 9, 4.75, 11.5, 5 ], "texture": "#texture" },
        "west":  { "uv": [ 9, 4.75, 9.25, 5 ], "texture": "#texture" },
        "east":  { "uv": [ 11.5, 4.75, 11.25, 5 ], "texture": "#texture" }
    }
},
{
    "from": [ 9, 5, 7.75 ],
    "to": [ 11.5, 5.25, 8.25 ],
    "faces": {
        "down":  { "uv": [ 9, 11, 11.5, 10.75 ], "texture": "#texture" },
        "up":    { "uv": [ 9, 10.75, 11.5, 11 ], "texture": "#texture" },
        "north": { "uv": [ 11.5, 10.75, 9, 11 ], "texture": "#texture" },
        "south": { "uv": [ 9, 10.75, 11.5, 11 ], "texture": "#texture" },
        "west":  { "uv": [ 9, 10.75, 9.25, 11 ], "texture": "#texture" },
        "east":  { "uv": [ 11.5, 10.75, 11.25, 11 ], "texture": "#texture" }
    }
},
{
    "from": [ 9.5, 10.5, 7.75 ],
    "to": [ 11.5, 11, 8.25 ],
    "faces": {
        "down":  { "uv": [ 9.5, 5.5, 11.5, 5.25 ], "texture": "#texture" },
        "up":    { "uv": [ 9.5, 5, 11.5, 5.25 ], "texture": "#texture" },
        "north": { "uv": [ 11.5, 5, 9.5, 5.5 ], "texture": "#texture" },
        "south": { "uv": [ 9.5, 5, 11.5, 5.5 ], "texture": "#texture" },
        "west":  { "uv": [ 9.5, 5, 9.75, 5.5 ], "texture": "#texture" },
        "east":  { "uv": [ 11.5, 5, 11.25, 5.5 ], "texture": "#texture" }
    }
},
{
    "from": [ 9.5, 5.25, 7.75 ],
    "to": [ 11.5, 5.75, 8.25 ],
    "faces": {
        "down":  { "uv": [ 9.5, 10.75, 11.5, 10.5 ], "texture": "#texture" },
        "up":    { "uv": [ 9.5, 10.25, 11.5, 10.5 ], "texture": "#texture" },
        "north": { "uv": [ 11.5, 10.25, 9.5, 10.75 ], "texture": "#texture" },
        "south": { "uv": [ 9.5, 10.25, 11.5, 10.75 ], "texture": "#texture" },
        "west":  { "uv": [ 9.5, 10.25, 9.75, 10.75 ], "texture": "#texture" },
        "east":  { "uv": [ 11.5, 10.25, 11.25, 10.75 ], "texture": "#texture" }
    }
},
{
    "from": [ 9.75, 10, 7.75 ],
    "to": [ 11.5, 10.5, 8.25 ],
    "faces": {
        "down":  { "uv": [ 9.75, 6, 11.5, 5.75 ], "texture": "#texture" },
        "up":    { "uv": [ 9.75, 5.5, 11.5, 5.75 ], "texture": "#texture" },
        "north": { "uv": [ 11.5, 5.5, 9.75, 6 ], "texture": "#texture" },
        "south": { "uv": [ 9.75, 5.5, 11.5, 6 ], "texture": "#texture" },
        "west":  { "uv": [ 9.75, 5.5, 10, 6 ], "texture": "#texture" },
        "east":  { "uv": [ 11.5, 5.5, 11.25, 6 ], "texture": "#texture" }
    }
},
{
    "from": [ 9.75, 5.75, 7.75 ],
    "to": [ 11.5, 6.25, 8.25 ],
    "faces": {
        "down":  { "uv": [ 9.75, 10.25, 11.5, 10 ], "texture": "#texture" },
        "up":    { "uv": [ 9.75, 9.75, 11.5, 10 ], "texture": "#texture" },
        "north": { "uv": [ 11.5, 9.75, 9.75, 10.25 ], "texture": "#texture" },
        "south": { "uv": [ 9.75, 9.75, 11.5, 10.25 ], "texture": "#texture" },
        "west":  { "uv": [ 9.75, 9.75, 10, 10.25 ], "texture": "#texture" },
        "east":  { "uv": [ 11.5, 9.75, 11.25, 10.25 ], "texture": "#texture" }
    }
},
{
    "from": [ 10.25, 9.5, 7.75 ],
    "to": [ 11.5, 10, 8.25 ],
    "faces": {
        "down":  { "uv": [ 10.25, 6.5, 11.5, 6.25 ], "texture": "#texture" },
        "up":    { "uv": [ 10.25, 6, 11.5, 6.25 ], "texture": "#texture" },
        "north": { "uv": [ 11.5, 6, 10.25, 6.5 ], "texture": "#texture" },
        "south": { "uv": [ 10.25, 6, 11.5, 6.5 ], "texture": "#texture" },
        "west":  { "uv": [ 10.25, 6, 10.5, 6.5 ], "texture": "#texture" },
        "east":  { "uv": [ 11.5, 6, 11.25, 6.5 ], "texture": "#texture" }
    }
},
{
    "from": [ 10.25, 6.25, 7.75 ],
    "to": [ 11.5, 6.75, 8.25 ],
    "faces": {
        "down":  { "uv": [ 10.25, 9.75, 11.5, 9.5 ], "texture": "#texture" },
        "up":    { "uv": [ 10.25, 9.25, 11.5, 9.5 ], "texture": "#texture" },
        "north": { "uv": [ 11.5, 9.25, 10.25, 9.75 ], "texture": "#texture" },
        "south": { "uv": [ 10.25, 9.25, 11.5, 9.75 ], "texture": "#texture" },
        "west":  { "uv": [ 10.25, 9.25, 10.5, 9.75 ], "texture": "#texture" },
        "east":  { "uv": [ 11.5, 9.25, 11.25, 9.75 ], "texture": "#texture" }
    }
},
{
    "from": [ 10.5, 9.25, 7.75 ],
    "to": [ 11.75, 9.5, 8.25 ],
    "faces": {
        "down":  { "uv": [ 10.5, 6.75, 11.75, 6.5 ], "texture": "#texture" },
        "up":    { "uv": [ 10.5, 6.5, 11.75, 6.75 ], "texture": "#texture" },
        "north": { "uv": [ 11.75, 6.5, 10.5, 6.75 ], "texture": "#texture" },
        "south": { "uv": [ 10.5, 6.5, 11.75, 6.75 ], "texture": "#texture" },
        "west":  { "uv": [ 10.5, 6.5, 10.75, 6.75 ], "texture": "#texture" },
        "east":  { "uv": [ 11.75, 6.5, 11.5, 6.75 ], "texture": "#texture" }
    }
},
{
    "from": [ 10.5, 6.75, 7.75 ],
    "to": [ 11.75, 7, 8.25 ],
    "faces": {
        "down":  { "uv": [ 10.5, 9.25, 11.75, 9 ], "texture": "#texture" },
        "up":    { "uv": [ 10.5, 9, 11.75, 9.25 ], "texture": "#texture" },
        "north": { "uv": [ 11.75, 9, 10.5, 9.25 ], "texture": "#texture" },
        "south": { "uv": [ 10.5, 9, 11.75, 9.25 ], "texture": "#texture" },
        "west":  { "uv": [ 10.5, 9, 10.75, 9.25 ], "texture": "#texture" },
        "east":  { "uv": [ 11.75, 9, 11.5, 9.25 ], "texture": "#texture" }
    }
},
{
    "from": [ 10.75, 8.75, 7.75 ],
    "to": [ 11.75, 9.25, 8.25 ],
    "faces": {
        "down":  { "uv": [ 10.75, 7.25, 11.75, 7 ], "texture": "#texture" },
        "up":    { "uv": [ 10.75, 6.75, 11.75, 7 ], "texture": "#texture" },
        "north": { "uv": [ 11.75, 6.75, 10.75, 7.25 ], "texture": "#texture" },
        "south": { "uv": [ 10.75, 6.75, 11.75, 7.25 ], "texture": "#texture" },
        "west":  { "uv": [ 10.75, 6.75, 11, 7.25 ], "texture": "#texture" },
        "east":  { "uv": [ 11.75, 6.75, 11.5, 7.25 ], "texture": "#texture" }
    }
},
{
    "from": [ 10.75, 7, 7.75 ],
    "to": [ 11.75, 7.5, 8.25 ],
    "faces": {
        "down":  { "uv": [ 10.75, 9, 11.75, 8.75 ], "texture": "#texture" },
        "up":    { "uv": [ 10.75, 8.5, 11.75, 8.75 ], "texture": "#texture" },
        "north": { "uv": [ 11.75, 8.5, 10.75, 9 ], "texture": "#texture" },
        "south": { "uv": [ 10.75, 8.5, 11.75, 9 ], "texture": "#texture" },
        "west":  { "uv": [ 10.75, 8.5, 11, 9 ], "texture": "#texture" },
        "east":  { "uv": [ 11.75, 8.5, 11.5, 9 ], "texture": "#texture" }
    }
},
{
    "from": [ 11, 7.5, 7.75 ],
    "to": [ 11.5, 8.75, 8.25 ],
    "faces": {
        "down":  { "uv": [ 11, 8.5, 11.5, 8.25 ], "texture": "#texture" },
        "up":    { "uv": [ 11, 7.25, 11.5, 7.5 ], "texture": "#texture" },
        "north": { "uv": [ 11.5, 7.25, 11, 8.5 ], "texture": "#texture" },
        "south": { "uv": [ 11, 7.25, 11.5, 8.5 ], "texture": "#texture" },
        "west":  { "uv": [ 11, 7.25, 11.25, 8.5 ], "texture": "#texture" },
        "east":  { "uv": [ 11.5, 7.25, 11.25, 8.5 ], "texture": "#texture" }
    }
},
{
    "from": [ 11.25, 11.5, 7.75 ],
    "to": [ 11.5, 11.75, 8.25 ],
    "faces": {
        "down":  { "uv": [ 11.25, 4.5, 11.5, 4.25 ], "texture": "#texture" },
        "up":    { "uv": [ 11.25, 4.25, 11.5, 4.5 ], "texture": "#texture" },
        "north": { "uv": [ 11.5, 4.25, 11.25, 4.5 ], "texture": "#texture" },
        "south": { "uv": [ 11.25, 4.25, 11.5, 4.5 ], "texture": "#texture" },
        "west":  { "uv": [ 11.25, 4.25, 11.5, 4.5 ], "texture": "#texture" },
        "east":  { "uv": [ 11.5, 4.25, 11.25, 4.5 ], "texture": "#texture" }
    }
},
{
    "from": [ 11.25, 4.5, 7.75 ],
    "to": [ 11.5, 4.75, 8.25 ],
    "faces": {
        "down":  { "uv": [ 11.25, 11.5, 11.5, 11.25 ], "texture": "#texture" },
        "up":    { "uv": [ 11.25, 11.25, 11.5, 11.5 ], "texture": "#texture" },
        "north": { "uv": [ 11.5, 11.25, 11.25, 11.5 ], "texture": "#texture" },
        "south": { "uv": [ 11.25, 11.25, 11.5, 11.5 ], "texture": "#texture" },
        "west":  { "uv": [ 11.25, 11.25, 11.5, 11.5 ], "texture": "#texture" },
        "east":  { "uv": [ 11.5, 11.25, 11.25, 11.5 ], "texture": "#texture" }
    }
},
{
    "from": [ 11.5, 9.5, 7.75 ],
    "to": [ 11.75, 9.75, 8.25 ],
    "faces": {
        "down":  { "uv": [ 11.5, 6.5, 11.75, 6.25 ], "texture": "#texture" },
        "up":    { "uv": [ 11.5, 6.25, 11.75, 6.5 ], "texture": "#texture" },
        "north": { "uv": [ 11.75, 6.25, 11.5, 6.5 ], "texture": "#texture" },
        "south": { "uv": [ 11.5, 6.25, 11.75, 6.5 ], "texture": "#texture" },
        "west":  { "uv": [ 11.5, 6.25, 11.75, 6.5 ], "texture": "#texture" },
        "east":  { "uv": [ 11.75, 6.25, 11.5, 6.5 ], "texture": "#texture" }
    }
},
{
    "from": [ 11.5, 6.5, 7.75 ],
    "to": [ 11.75, 6.75, 8.25 ],
    "faces": {
        "down":  { "uv": [ 11.5, 9.5, 11.75, 9.25 ], "texture": "#texture" },
        "up":    { "uv": [ 11.5, 9.25, 11.75, 9.5 ], "texture": "#texture" },
        "north": { "uv": [ 11.75, 9.25, 11.5, 9.5 ], "texture": "#texture" },
        "south": { "uv": [ 11.5, 9.25, 11.75, 9.5 ], "texture": "#texture" },
        "west":  { "uv": [ 11.5, 9.25, 11.75, 9.5 ], "texture": "#texture" },
        "east":  { "uv": [ 11.75, 9.25, 11.5, 9.5 ], "texture": "#texture" }
    }
}
],
"display": {
    "thirdperson_righthand": {
        "rotation": [ 0, 90, 0 ],
        "translation": [ 0, -1.13, 7.75 ],
        "scale": [ 2, 2, 2 ]
    },
    "thirdperson_lefthand": {
        "rotation": [ 0, -90, 0 ],
        "translation": [ 0, -1.13, 7.75 ],
        "scale": [ 2, 2, 2 ]
    },
    "ground": {
        "rotation": [ 0, 0, 45 ],
        "translation": [ 0, 8.69, 0 ],
        "scale": [ 1, 1, 1 ]
    },
    "fixed": {
        "rotation": [ 0, 180, 45 ],
        "translation": [ 0, 0, 0 ],
        "scale": [ 1, 1, 1 ]
    },
    "firstperson_righthand": {
        "rotation": [ 0, 96, 0 ],
        "translation": [ 1.89, 1.32, -2.27 ],
        "scale": [ 2, 2, 2 ]
    },
    "firstperson_lefthand": {
        "rotation": [ 0, -68, 0 ],
        "translation": [ 1.89, 1.32, -3.97 ],
        "scale": [ 2, 2, 2 ]
    },
    "gui": {
        "rotation": [ 0, 0, 45 ],
        "translation": [ 0, 0, 0 ],
        "scale": [ 1, 1, 1 ]
    }
}
}