{
"__comment": "Designed by FirecatHD",
"textures": {
    "texture": "wynn/weaponskins/dagger/dagger_banana_texture"
},
"elements": [ 
{
    "from": [ -0.5, 7.125, 8 ],
    "to": [ 12, 9, 10 ],
    "faces": {
        "down":  { "uv": [ 2, 0.5, 14, 2.5 ], "texture": "#texture" },
        "up":    { "uv": [ 2, 0.5, 14, 2.5 ], "texture": "#texture" },
        "north": { "uv": [ 2.25, 1.125, 14.25, 3 ], "texture": "#texture" },
        "south": { "uv": [ 2.25, 1.125, 14.25, 3 ], "texture": "#texture" },
        "west":  { "uv": [ 7.875, 0.875, 9.875, 2.75 ], "texture": "#texture" },
        "east":  { "uv": [ 7.875, 0.875, 9.875, 2.75 ], "texture": "#texture" }
    }
},
{
    "from": [ -2.25, 7.25, 8.25 ],
    "to": [ -0.5, 9.125, 9.75 ],
    "faces": {
        "down":  { "uv": [ 9.625, 0.625, 11.375, 2.625 ], "texture": "#texture" },
        "up":    { "uv": [ 9.625, 0.625, 11.375, 2.625 ], "texture": "#texture" },
        "north": { "uv": [ 7.375, 1.25, 9.125, 2.625 ], "texture": "#texture" },
        "south": { "uv": [ 7.375, 1.25, 9.125, 2.625 ], "texture": "#texture" },
        "west":  { "uv": [ 10, 1.25, 12, 2.625 ], "texture": "#texture" },
        "east":  { "uv": [ 10, 1.25, 12, 2.625 ], "texture": "#texture" }
    }
},
{
    "from": [ -3.75, 7.375, 8.5 ],
    "to": [ -2.25, 9.25, 9.5 ],
    "faces": {
        "down":  { "uv": [ 9.625, 0.625, 11.375, 2.625 ], "texture": "#texture" },
        "up":    { "uv": [ 9.625, 0.625, 11.375, 2.625 ], "texture": "#texture" },
        "north": { "uv": [ 7.375, 1.25, 9.125, 2.625 ], "texture": "#texture" },
        "south": { "uv": [ 7.375, 1.25, 9.125, 2.625 ], "texture": "#texture" },
        "west":  { "uv": [ 10, 1.25, 12, 2.625 ], "texture": "#texture" },
        "east":  { "uv": [ 10, 1.25, 12, 2.625 ], "texture": "#texture" }
    }
},
{
    "from": [ -4.75, 7.5, 8.75 ],
    "to": [ -3.75, 9.375, 9.25 ],
    "faces": {
        "down":  { "uv": [ 9.625, 0.625, 11.375, 2.625 ], "texture": "#texture" },
        "up":    { "uv": [ 9.625, 0.625, 11.375, 2.625 ], "texture": "#texture" },
        "north": { "uv": [ 7.375, 1.25, 9.125, 2.625 ], "texture": "#texture" },
        "south": { "uv": [ 7.375, 1.25, 9.125, 2.625 ], "texture": "#texture" },
        "west":  { "uv": [ 10, 1.25, 12, 2.625 ], "texture": "#texture" },
        "east":  { "uv": [ 10, 1.25, 12, 2.625 ], "texture": "#texture" }
    }
},
{
    "from": [ 12, 6.875, 7.75 ],
    "to": [ 12.875, 9.25, 10.25 ],
    "faces": {
        "down":  { "uv": [ 13.25, 4.125, 14.5, 6.5 ], "texture": "#texture" },
        "up":    { "uv": [ 13.25, 4.125, 14.5, 6.5 ], "texture": "#texture" },
        "north": { "uv": [ 1.5, 3.875, 3, 6.75 ], "texture": "#texture" },
        "south": { "uv": [ 1.5, 3.875, 3, 6.75 ], "texture": "#texture" },
        "west":  { "uv": [ 11.25, 4.25, 12.625, 6.625 ], "texture": "#texture" },
        "east":  { "uv": [ 11.25, 4.25, 12.625, 6.625 ], "texture": "#texture" }
    }
},
{
    "from": [ -2.25, 7.5, 8 ],
    "to": [ -0.5, 8.875, 10 ],
    "faces": {
        "down":  { "uv": [ 9.625, 0.625, 11.375, 2.625 ], "texture": "#texture" },
        "up":    { "uv": [ 9.625, 0.625, 11.375, 2.625 ], "texture": "#texture" },
        "north": { "uv": [ 7.375, 1.25, 9.125, 2.625 ], "texture": "#texture" },
        "south": { "uv": [ 7.375, 1.25, 9.125, 2.625 ], "texture": "#texture" },
        "west":  { "uv": [ 10, 1.25, 12, 2.625 ], "texture": "#texture" },
        "east":  { "uv": [ 10, 1.25, 12, 2.625 ], "texture": "#texture" }
    }
},
{
    "from": [ -3.75, 7.625, 8.25 ],
    "to": [ -2.25, 9, 9.75 ],
    "faces": {
        "down":  { "uv": [ 9.625, 0.625, 11.375, 2.625 ], "texture": "#texture" },
        "up":    { "uv": [ 9.625, 0.625, 11.375, 2.625 ], "texture": "#texture" },
        "north": { "uv": [ 7.375, 1.25, 9.125, 2.625 ], "texture": "#texture" },
        "south": { "uv": [ 7.375, 1.25, 9.125, 2.625 ], "texture": "#texture" },
        "west":  { "uv": [ 10, 1.25, 12, 2.625 ], "texture": "#texture" },
        "east":  { "uv": [ 10, 1.25, 12, 2.625 ], "texture": "#texture" }
    }
},
{
    "from": [ -5, 7.75, 8.5 ],
    "to": [ -3.75, 9.125, 9.5 ],
    "faces": {
        "down":  { "uv": [ 9.625, 0.625, 11.375, 2.625 ], "texture": "#texture" },
        "up":    { "uv": [ 9.625, 0.625, 11.375, 2.625 ], "texture": "#texture" },
        "north": { "uv": [ 7.375, 1.25, 9.125, 2.625 ], "texture": "#texture" },
        "south": { "uv": [ 7.375, 1.25, 9.125, 2.625 ], "texture": "#texture" },
        "west":  { "uv": [ 10, 1.25, 12, 2.625 ], "texture": "#texture" },
        "east":  { "uv": [ 10, 1.25, 12, 2.625 ], "texture": "#texture" }
    }
},
{
    "from": [ 12, 6.625, 8 ],
    "to": [ 12.875, 9.5, 10 ],
    "faces": {
        "down":  { "uv": [ 13.25, 4.125, 14.5, 6.5 ], "texture": "#texture" },
        "up":    { "uv": [ 13.25, 4.125, 14.5, 6.5 ], "texture": "#texture" },
        "north": { "uv": [ 1.5, 3.875, 3, 6.75 ], "texture": "#texture" },
        "south": { "uv": [ 1.5, 3.875, 3, 6.75 ], "texture": "#texture" },
        "west":  { "uv": [ 11.25, 4.25, 12.625, 6.625 ], "texture": "#texture" },
        "east":  { "uv": [ 11.25, 4.25, 12.625, 6.625 ], "texture": "#texture" }
    }
},
{
    "from": [ 12, 7.25, 7.5 ],
    "to": [ 12.875, 9, 10.5 ],
    "faces": {
        "down":  { "uv": [ 13.25, 4.125, 14.5, 6.5 ], "texture": "#texture" },
        "up":    { "uv": [ 13.25, 4.125, 14.5, 6.5 ], "texture": "#texture" },
        "north": { "uv": [ 1.5, 3.875, 3, 6.75 ], "texture": "#texture" },
        "south": { "uv": [ 1.5, 3.875, 3, 6.75 ], "texture": "#texture" },
        "west":  { "uv": [ 11.25, 4.25, 12.625, 6.625 ], "texture": "#texture" },
        "east":  { "uv": [ 11.25, 4.25, 12.625, 6.625 ], "texture": "#texture" }
    }
},
{
    "from": [ 12.875, 7.375, 8.25 ],
    "to": [ 15.5, 8.75, 9.75 ],
    "faces": {
        "down":  { "uv": [ 11.75, 4.5, 14.375, 6 ], "texture": "#texture" },
        "up":    { "uv": [ 11.75, 4.5, 14.375, 6 ], "texture": "#texture" },
        "north": { "uv": [ 1, 4.375, 3.625, 5.75 ], "texture": "#texture" },
        "south": { "uv": [ 1, 4.375, 3.625, 5.75 ], "texture": "#texture" },
        "west":  { "uv": [ 9.375, 4.375, 10.875, 5.75 ], "texture": "#texture" },
        "east":  { "uv": [ 9.375, 4.375, 10.875, 5.75 ], "texture": "#texture" }
    }
},
{
    "from": [ 15.5, 7.5, 8.25 ],
    "to": [ 17, 8.875, 9.75 ],
    "faces": {
        "down":  { "uv": [ 11.75, 4.5, 14.375, 6 ], "texture": "#texture" },
        "up":    { "uv": [ 11.75, 4.5, 14.375, 6 ], "texture": "#texture" },
        "north": { "uv": [ 1, 4.375, 3.625, 5.75 ], "texture": "#texture" },
        "south": { "uv": [ 1, 4.375, 3.625, 5.75 ], "texture": "#texture" },
        "west":  { "uv": [ 9.375, 4.375, 10.875, 5.75 ], "texture": "#texture" },
        "east":  { "uv": [ 9.375, 4.375, 10.875, 5.75 ], "texture": "#texture" }
    }
},
{
    "from": [ 17, 7.625, 8.25 ],
    "to": [ 17.875, 9, 9.75 ],
    "faces": {
        "down":  { "uv": [ 11.75, 4.5, 14.375, 6 ], "texture": "#texture" },
        "up":    { "uv": [ 11.75, 4.5, 14.375, 6 ], "texture": "#texture" },
        "north": { "uv": [ 1, 4.375, 3.625, 5.75 ], "texture": "#texture" },
        "south": { "uv": [ 1, 4.375, 3.625, 5.75 ], "texture": "#texture" },
        "west":  { "uv": [ 9.375, 4.375, 10.875, 5.75 ], "texture": "#texture" },
        "east":  { "uv": [ 9.375, 4.375, 10.875, 5.75 ], "texture": "#texture" }
    }
},
{
    "from": [ 17.875, 7.75, 8.25 ],
    "to": [ 18.5, 9.125, 9.75 ],
    "faces": {
        "down":  { "uv": [ 11.75, 4.5, 14.375, 6 ], "texture": "#texture" },
        "up":    { "uv": [ 11.75, 4.5, 14.375, 6 ], "texture": "#texture" },
        "north": { "uv": [ 1, 4.375, 3.625, 5.75 ], "texture": "#texture" },
        "south": { "uv": [ 1, 4.375, 3.625, 5.75 ], "texture": "#texture" },
        "west":  { "uv": [ 9.375, 4.375, 10.875, 5.75 ], "texture": "#texture" },
        "east":  { "uv": [ 9.375, 4.375, 10.875, 5.75 ], "texture": "#texture" }
    }
},
{
    "from": [ 18.5, 7.875, 8.25 ],
    "to": [ 18.875, 9.25, 9.75 ],
    "faces": {
        "down":  { "uv": [ 11.75, 4.5, 14.375, 6 ], "texture": "#texture" },
        "up":    { "uv": [ 11.75, 4.5, 14.375, 6 ], "texture": "#texture" },
        "north": { "uv": [ 1, 4.375, 3.625, 5.75 ], "texture": "#texture" },
        "south": { "uv": [ 1, 4.375, 3.625, 5.75 ], "texture": "#texture" },
        "west":  { "uv": [ 9.375, 4.375, 10.875, 5.75 ], "texture": "#texture" },
        "east":  { "uv": [ 9.375, 4.375, 10.875, 5.75 ], "texture": "#texture" }
    }
},
{
    "from": [ 18.875, 8, 8.25 ],
    "to": [ 19.125, 9.375, 9.75 ],
    "faces": {
        "down":  { "uv": [ 11.75, 4.5, 14.375, 6 ], "texture": "#texture" },
        "up":    { "uv": [ 11.75, 4.5, 14.375, 6 ], "texture": "#texture" },
        "north": { "uv": [ 1, 4.375, 3.625, 5.75 ], "texture": "#texture" },
        "south": { "uv": [ 1, 4.375, 3.625, 5.75 ], "texture": "#texture" },
        "west":  { "uv": [ 9.375, 4.375, 10.875, 5.75 ], "texture": "#texture" },
        "east":  { "uv": [ 9.375, 4.375, 10.875, 5.75 ], "texture": "#texture" }
    }
},
{
    "from": [ 19.125, 8.125, 8.25 ],
    "to": [ 19.5, 9.25, 9.75 ],
    "faces": {
        "down":  { "uv": [ 11.75, 4.5, 14.375, 6 ], "texture": "#texture" },
        "up":    { "uv": [ 11.75, 4.5, 14.375, 6 ], "texture": "#texture" },
        "north": { "uv": [ 1, 4.375, 3.625, 5.75 ], "texture": "#texture" },
        "south": { "uv": [ 1, 4.375, 3.625, 5.75 ], "texture": "#texture" },
        "west":  { "uv": [ 9.375, 4.375, 10.875, 5.75 ], "texture": "#texture" },
        "east":  { "uv": [ 9.375, 4.375, 10.875, 5.75 ], "texture": "#texture" }
    }
},
{
    "from": [ 19.5, 8.25, 8.375 ],
    "to": [ 20, 9.125, 9.625 ],
    "faces": {
        "down":  { "uv": [ 11.75, 4.5, 14.375, 6 ], "texture": "#texture" },
        "up":    { "uv": [ 11.75, 4.5, 14.375, 6 ], "texture": "#texture" },
        "north": { "uv": [ 1, 4.375, 3.625, 5.75 ], "texture": "#texture" },
        "south": { "uv": [ 1, 4.375, 3.625, 5.75 ], "texture": "#texture" },
        "west":  { "uv": [ 9.375, 4.375, 10.875, 5.75 ], "texture": "#texture" },
        "east":  { "uv": [ 9.375, 4.375, 10.875, 5.75 ], "texture": "#texture" }
    }
},
{
    "from": [ 19.625, 8.375, 8.5 ],
    "to": [ 20.25, 9, 9.5 ],
    "faces": {
        "down":  { "uv": [ 11.75, 4.5, 14.375, 6 ], "texture": "#texture" },
        "up":    { "uv": [ 11.75, 4.5, 14.375, 6 ], "texture": "#texture" },
        "north": { "uv": [ 1, 4.375, 3.625, 5.75 ], "texture": "#texture" },
        "south": { "uv": [ 1, 4.375, 3.625, 5.75 ], "texture": "#texture" },
        "west":  { "uv": [ 9.375, 4.375, 10.875, 5.75 ], "texture": "#texture" },
        "east":  { "uv": [ 9.375, 4.375, 10.875, 5.75 ], "texture": "#texture" }
    }
},
{
    "from": [ 12.125, 7.5, 10.5 ],
    "to": [ 12.75, 8.75, 12.25 ],
    "rotation": { "origin": [ 12.125, 7.5, 10.5 ], "axis": "y", "angle": 22.5 },
    "faces": {
        "down":  { "uv": [ 13.25, 4.125, 14.5, 6.5 ], "texture": "#texture" },
        "up":    { "uv": [ 13.25, 4.125, 14.5, 6.5 ], "texture": "#texture" },
        "north": { "uv": [ 1.5, 3.875, 3, 6.75 ], "texture": "#texture" },
        "south": { "uv": [ 1.5, 3.875, 3, 6.75 ], "texture": "#texture" },
        "west":  { "uv": [ 11.25, 4.25, 12.625, 6.625 ], "texture": "#texture" },
        "east":  { "uv": [ 11.25, 4.25, 12.625, 6.625 ], "texture": "#texture" }
    }
},
{
    "from": [ 12.8125, 7.75, 11.9375 ],
    "to": [ 13.1875, 8.5, 14.0625 ],
    "rotation": { "origin": [ 12.8125, 7.75, 11.9375 ], "axis": "y", "angle": 45 },
    "faces": {
        "down":  { "uv": [ 13.25, 4.125, 14.5, 6.5 ], "texture": "#texture" },
        "up":    { "uv": [ 13.25, 4.125, 14.5, 6.5 ], "texture": "#texture" },
        "north": { "uv": [ 1.5, 3.875, 3, 6.75 ], "texture": "#texture" },
        "south": { "uv": [ 1.5, 3.875, 3, 6.75 ], "texture": "#texture" },
        "west":  { "uv": [ 11.25, 4.25, 12.625, 6.625 ], "texture": "#texture" },
        "east":  { "uv": [ 11.25, 4.25, 12.625, 6.625 ], "texture": "#texture" }
    }
},
{
    "from": [ 12.75, 7.5, 5.875 ],
    "to": [ 13.375, 8.75, 7.625 ],
    "rotation": { "origin": [ 12.75, 7.5, 5.875 ], "axis": "y", "angle": -22.5 },
    "faces": {
        "down":  { "uv": [ 13.25, 4.125, 14.5, 6.5 ], "texture": "#texture" },
        "up":    { "uv": [ 13.25, 4.125, 14.5, 6.5 ], "texture": "#texture" },
        "north": { "uv": [ 1.5, 3.875, 3, 6.75 ], "texture": "#texture" },
        "south": { "uv": [ 1.5, 3.875, 3, 6.75 ], "texture": "#texture" },
        "west":  { "uv": [ 11.25, 4.25, 12.625, 6.625 ], "texture": "#texture" },
        "east":  { "uv": [ 11.25, 4.25, 12.625, 6.625 ], "texture": "#texture" }
    }
},
{
    "from": [ 14.3125, 7.75, 4.5 ],
    "to": [ 14.6875, 8.5, 6.625 ],
    "rotation": { "origin": [ 14.3125, 7.75, 4.5 ], "axis": "y", "angle": -45 },
    "faces": {
        "down":  { "uv": [ 13.25, 4.125, 14.5, 6.5 ], "texture": "#texture" },
        "up":    { "uv": [ 13.25, 4.125, 14.5, 6.5 ], "texture": "#texture" },
        "north": { "uv": [ 1.5, 3.875, 3, 6.75 ], "texture": "#texture" },
        "south": { "uv": [ 1.5, 3.875, 3, 6.75 ], "texture": "#texture" },
        "west":  { "uv": [ 11.25, 4.25, 12.625, 6.625 ], "texture": "#texture" },
        "east":  { "uv": [ 11.25, 4.25, 12.625, 6.625 ], "texture": "#texture" }
    }
},
{
    "from": [ 12.125, 8, 8.375 ],
    "to": [ 12.75, 9.75, 9.625 ],
    "faces": {
        "down":  { "uv": [ 13.25, 4.125, 14.5, 6.5 ], "texture": "#texture" },
        "up":    { "uv": [ 13.25, 4.125, 14.5, 6.5 ], "texture": "#texture" },
        "north": { "uv": [ 1.5, 3.875, 3, 6.75 ], "texture": "#texture" },
        "south": { "uv": [ 1.5, 3.875, 3, 6.75 ], "texture": "#texture" },
        "west":  { "uv": [ 11.25, 4.25, 12.625, 6.625 ], "texture": "#texture" },
        "east":  { "uv": [ 11.25, 4.25, 12.625, 6.625 ], "texture": "#texture" }
    }
},
{
    "from": [ 12.25, 9.25, 8.625 ],
    "to": [ 12.625, 10, 9.375 ],
    "faces": {
        "down":  { "uv": [ 13.25, 4.125, 14.5, 6.5 ], "texture": "#texture" },
        "up":    { "uv": [ 13.25, 4.125, 14.5, 6.5 ], "texture": "#texture" },
        "north": { "uv": [ 1.5, 3.875, 3, 6.75 ], "texture": "#texture" },
        "south": { "uv": [ 1.5, 3.875, 3, 6.75 ], "texture": "#texture" },
        "west":  { "uv": [ 11.25, 4.25, 12.625, 6.625 ], "texture": "#texture" },
        "east":  { "uv": [ 11.25, 4.25, 12.625, 6.625 ], "texture": "#texture" }
    }
},
{
    "from": [ 12.125, 4.875, 8.375 ],
    "to": [ 12.75, 6.625, 9.625 ],
    "rotation": { "origin": [ 12.125, 6.625, 8.375 ], "axis": "z", "angle": 22.5 },
    "faces": {
        "down":  { "uv": [ 13.25, 4.125, 14.5, 6.5 ], "texture": "#texture" },
        "up":    { "uv": [ 13.25, 4.125, 14.5, 6.5 ], "texture": "#texture" },
        "north": { "uv": [ 1.5, 3.875, 3, 6.75 ], "texture": "#texture" },
        "south": { "uv": [ 1.5, 3.875, 3, 6.75 ], "texture": "#texture" },
        "west":  { "uv": [ 11.25, 4.25, 12.625, 6.625 ], "texture": "#texture" },
        "east":  { "uv": [ 11.25, 4.25, 12.625, 6.625 ], "texture": "#texture" }
    }
},
{
    "from": [ 12.75, 3.125, 8.625 ],
    "to": [ 13.125, 5.25, 9.375 ],
    "rotation": { "origin": [ 12.75, 5.25, 8.625 ], "axis": "z", "angle": 45 },
    "faces": {
        "down":  { "uv": [ 13.25, 4.125, 14.5, 6.5 ], "texture": "#texture" },
        "up":    { "uv": [ 13.25, 4.125, 14.5, 6.5 ], "texture": "#texture" },
        "north": { "uv": [ 1.5, 3.875, 3, 6.75 ], "texture": "#texture" },
        "south": { "uv": [ 1.5, 3.875, 3, 6.75 ], "texture": "#texture" },
        "west":  { "uv": [ 11.25, 4.25, 12.625, 6.625 ], "texture": "#texture" },
        "east":  { "uv": [ 11.25, 4.25, 12.625, 6.625 ], "texture": "#texture" }
    }
}
],
"display": {
    "thirdperson_righthand": {
        "rotation": [ 180, -90, 90 ],
        "translation": [ 1.13, 6.99, 2.08 ],
        "scale": [ 1.26, 1.26, 1.26 ]
    },
    "thirdperson_lefthand": {
        "rotation": [ 180, 90, -90 ],
        "translation": [ 2.27, 6.99, 2.8 ],
        "scale": [ 1.26, 1.26, 1.26 ]
    },
    "head": {
        "rotation": [ 0, 0, 38 ],
        "translation": [ 20.98, 20.03, -3.97 ],
        "scale": [ 2.49, 2.49, 2.49 ]
    },
    "ground": {
        "rotation": [ -10, -13, -13 ],
        "translation": [ 0, 4.54, 0 ],
        "scale": [ 0.82, 0.82, 0.82 ]
    },
    "fixed": {
        "rotation": [ 0, 0, -44 ],
        "translation": [ 0, -0.38, -0.6 ],
        "scale": [ 1, 1, 1 ]
    },
    "firstperson_righthand": {
        "rotation": [ -6, -84, -81 ],
        "translation": [ 0, 5.48, -0.19 ],
        "scale": [ 0.63, 0.63, 0.79 ]
    },
    "firstperson_lefthand": {
        "rotation": [ -6, 101, 88 ],
        "translation": [ 2.08, 5.29, -0.19 ],
        "scale": [ 0.63, 0.63, 0.79 ]
    },
    "gui": {
        "rotation": [ 18, -135, -30 ],
        "translation": [ 0.57, -0.57, -4.34 ],
        "scale": [ 0.82, 0.82, 0.82 ]
    }
}
}