{
	"__comment": "Designed by Gasplund with Cubik Studio - https://cubik.studio",
	"textures": {
		"iron_shovel": "items/iron_shovel"
	},
	"elements": [
		{
			"__comment": "Cube1",
			"from": [ 3, 2, 7 ],
			"to": [ 4, 6, 8 ],
			"faces": {
				"down": { "uv": [ 3, 13, 2, 12 ], "texture": "#iron_shovel", "rotation": 270 },
				"up": { "uv": [ 6, 13, 5, 12 ], "texture": "#iron_shovel", "rotation": 270 },
				"north": { "uv": [ 6, 13, 2, 12 ], "texture": "#iron_shovel", "rotation": 90 },
				"south": { "uv": [ 2, 13, 6, 12 ], "texture": "#iron_shovel", "rotation": 270 },
				"west": { "uv": [ 2, 12, 6, 13 ], "texture": "#iron_shovel", "rotation": 270 },
				"east": { "uv": [ 6, 12, 2, 13 ], "texture": "#iron_shovel", "rotation": 90 }
			}
		},
		{
			"__comment": "Cube2",
			"from": [ 2, 2, 7 ],
			"to": [ 3, 5, 8 ],
			"faces": {
				"down": { "uv": [ 3, 14, 2, 13 ], "texture": "#iron_shovel", "rotation": 270 },
				"up": { "uv": [ 5, 14, 4, 13 ], "texture": "#iron_shovel", "rotation": 270 },
				"north": { "uv": [ 5, 14, 2, 13 ], "texture": "#iron_shovel", "rotation": 90 },
				"south": { "uv": [ 2, 14, 5, 13 ], "texture": "#iron_shovel", "rotation": 270 },
				"west": { "uv": [ 2, 13, 5, 14 ], "texture": "#iron_shovel", "rotation": 270 },
				"east": { "uv": [ 5, 13, 2, 14 ], "texture": "#iron_shovel", "rotation": 90 }
			}
		},
		{
			"__comment": "Cube3",
			"from": [ 1, 3, 7 ],
			"to": [ 2, 5, 8 ],
			"faces": {
				"down": { "uv": [ 4, 15, 3, 14 ], "texture": "#iron_shovel", "rotation": 270 },
				"up": { "uv": [ 5, 15, 4, 14 ], "texture": "#iron_shovel", "rotation": 270 },
				"north": { "uv": [ 5, 15, 3, 14 ], "texture": "#iron_shovel", "rotation": 90 },
				"south": { "uv": [ 3, 15, 5, 14 ], "texture": "#iron_shovel", "rotation": 270 },
				"west": { "uv": [ 3, 14, 5, 15 ], "texture": "#iron_shovel", "rotation": 270 },
				"east": { "uv": [ 5, 14, 3, 15 ], "texture": "#iron_shovel", "rotation": 90 }
			}
		},
		{
			"__comment": "Cube4",
			"from": [ 4, 4, 7 ],
			"to": [ 5, 7, 8 ],
			"faces": {
				"down": { "uv": [ 5, 12, 4, 11 ], "texture": "#iron_shovel", "rotation": 270 },
				"up": { "uv": [ 7, 12, 6, 11 ], "texture": "#iron_shovel", "rotation": 270 },
				"north": { "uv": [ 7, 12, 4, 11 ], "texture": "#iron_shovel", "rotation": 90 },
				"south": { "uv": [ 4, 12, 7, 11 ], "texture": "#iron_shovel", "rotation": 270 },
				"west": { "uv": [ 4, 11, 7, 12 ], "texture": "#iron_shovel", "rotation": 270 },
				"east": { "uv": [ 7, 11, 4, 12 ], "texture": "#iron_shovel", "rotation": 90 }
			}
		},
		{
			"__comment": "Cube5",
			"from": [ 5, 5, 7 ],
			"to": [ 6, 8, 8 ],
			"faces": {
				"down": { "uv": [ 6, 11, 5, 10 ], "texture": "#iron_shovel", "rotation": 270 },
				"up": { "uv": [ 8, 11, 7, 10 ], "texture": "#iron_shovel", "rotation": 270 },
				"north": { "uv": [ 8, 11, 5, 10 ], "texture": "#iron_shovel", "rotation": 90 },
				"south": { "uv": [ 5, 11, 8, 10 ], "texture": "#iron_shovel", "rotation": 270 },
				"west": { "uv": [ 5, 10, 8, 11 ], "texture": "#iron_shovel", "rotation": 270 },
				"east": { "uv": [ 8, 10, 5, 11 ], "texture": "#iron_shovel", "rotation": 90 }
			}
		},
		{
			"__comment": "Cube6",
			"from": [ 6, 6, 7 ],
			"to": [ 7, 9, 8 ],
			"faces": {
				"down": { "uv": [ 7, 10, 6, 9 ], "texture": "#iron_shovel", "rotation": 270 },
				"up": { "uv": [ 9, 10, 8, 9 ], "texture": "#iron_shovel", "rotation": 270 },
				"north": { "uv": [ 9, 10, 6, 9 ], "texture": "#iron_shovel", "rotation": 90 },
				"south": { "uv": [ 6, 10, 9, 9 ], "texture": "#iron_shovel", "rotation": 270 },
				"west": { "uv": [ 6, 9, 9, 10 ], "texture": "#iron_shovel", "rotation": 270 },
				"east": { "uv": [ 9, 9, 6, 10 ], "texture": "#iron_shovel", "rotation": 90 }
			}
		},
		{
			"__comment": "Cube7",
			"from": [ 7, 7, 7 ],
			"to": [ 8, 10, 8 ],
			"faces": {
				"down": { "uv": [ 8, 9, 7, 8 ], "texture": "#iron_shovel", "rotation": 270 },
				"up": { "uv": [ 10, 9, 9, 8 ], "texture": "#iron_shovel", "rotation": 270 },
				"north": { "uv": [ 10, 9, 7, 8 ], "texture": "#iron_shovel", "rotation": 90 },
				"south": { "uv": [ 7, 9, 10, 8 ], "texture": "#iron_shovel", "rotation": 270 },
				"west": { "uv": [ 7, 8, 10, 9 ], "texture": "#iron_shovel", "rotation": 270 },
				"east": { "uv": [ 10, 8, 7, 9 ], "texture": "#iron_shovel", "rotation": 90 }
			}
		},
		{
			"__comment": "Cube8",
			"from": [ 10, 8, 7 ],
			"to": [ 11, 15, 8 ],
			"faces": {
				"down": { "uv": [ 9, 6, 8, 5 ], "texture": "#iron_shovel", "rotation": 270 },
				"up": { "uv": [ 15, 6, 14, 5 ], "texture": "#iron_shovel", "rotation": 270 },
				"north": { "uv": [ 15, 6, 8, 5 ], "texture": "#iron_shovel", "rotation": 90 },
				"south": { "uv": [ 8, 6, 15, 5 ], "texture": "#iron_shovel", "rotation": 270 },
				"west": { "uv": [ 8, 5, 15, 6 ], "texture": "#iron_shovel", "rotation": 270 },
				"east": { "uv": [ 15, 5, 8, 6 ], "texture": "#iron_shovel", "rotation": 90 }
			}
		},
		{
			"__comment": "Cube9",
			"from": [ 8, 8, 7 ],
			"to": [ 9, 13, 8 ],
			"faces": {
				"down": { "uv": [ 9, 8, 8, 7 ], "texture": "#iron_shovel", "rotation": 270 },
				"up": { "uv": [ 13, 8, 12, 7 ], "texture": "#iron_shovel", "rotation": 270 },
				"north": { "uv": [ 13, 8, 8, 7 ], "texture": "#iron_shovel", "rotation": 90 },
				"south": { "uv": [ 8, 8, 13, 7 ], "texture": "#iron_shovel", "rotation": 270 },
				"west": { "uv": [ 8, 7, 13, 8 ], "texture": "#iron_shovel", "rotation": 270 },
				"east": { "uv": [ 13, 7, 8, 8 ], "texture": "#iron_shovel", "rotation": 90 }
			}
		},
		{
			"__comment": "Cube10",
			"from": [ 11, 9, 7 ],
			"to": [ 12, 15, 8 ],
			"faces": {
				"down": { "uv": [ 10, 5, 9, 4 ], "texture": "#iron_shovel", "rotation": 270 },
				"up": { "uv": [ 15, 5, 14, 4 ], "texture": "#iron_shovel", "rotation": 270 },
				"north": { "uv": [ 15, 5, 9, 4 ], "texture": "#iron_shovel", "rotation": 90 },
				"south": { "uv": [ 9, 5, 15, 4 ], "texture": "#iron_shovel", "rotation": 270 },
				"west": { "uv": [ 9, 4, 15, 5 ], "texture": "#iron_shovel", "rotation": 270 },
				"east": { "uv": [ 15, 4, 9, 5 ], "texture": "#iron_shovel", "rotation": 90 }
			}
		},
		{
			"__comment": "Cube11",
			"from": [ 9, 9, 7 ],
			"to": [ 10, 14, 8 ],
			"faces": {
				"down": { "uv": [ 10, 7, 9, 6 ], "texture": "#iron_shovel", "rotation": 270 },
				"up": { "uv": [ 14, 7, 13, 6 ], "texture": "#iron_shovel", "rotation": 270 },
				"north": { "uv": [ 14, 7, 9, 6 ], "texture": "#iron_shovel", "rotation": 90 },
				"south": { "uv": [ 9, 7, 14, 6 ], "texture": "#iron_shovel", "rotation": 270 },
				"west": { "uv": [ 9, 6, 14, 7 ], "texture": "#iron_shovel", "rotation": 270 },
				"east": { "uv": [ 14, 6, 9, 7 ], "texture": "#iron_shovel", "rotation": 90 }
			}
		},
		{
			"__comment": "Cube12",
			"from": [ 12, 10, 7 ],
			"to": [ 13, 15, 8 ],
			"faces": {
				"down": { "uv": [ 11, 4, 10, 3 ], "texture": "#iron_shovel", "rotation": 270 },
				"up": { "uv": [ 15, 4, 14, 3 ], "texture": "#iron_shovel", "rotation": 270 },
				"north": { "uv": [ 15, 4, 10, 3 ], "texture": "#iron_shovel", "rotation": 90 },
				"south": { "uv": [ 10, 4, 15, 3 ], "texture": "#iron_shovel", "rotation": 270 },
				"west": { "uv": [ 10, 3, 15, 4 ], "texture": "#iron_shovel", "rotation": 270 },
				"east": { "uv": [ 15, 3, 10, 4 ], "texture": "#iron_shovel", "rotation": 90 }
			}
		},
		{
			"__comment": "Cube13",
			"from": [ 13, 11, 7 ],
			"to": [ 14, 14, 8 ],
			"faces": {
				"down": { "uv": [ 12, 3, 11, 2 ], "texture": "#iron_shovel", "rotation": 270 },
				"up": { "uv": [ 14, 3, 13, 2 ], "texture": "#iron_shovel", "rotation": 270 },
				"north": { "uv": [ 14, 3, 11, 2 ], "texture": "#iron_shovel", "rotation": 90 },
				"south": { "uv": [ 11, 3, 14, 2 ], "texture": "#iron_shovel", "rotation": 270 },
				"west": { "uv": [ 11, 2, 14, 3 ], "texture": "#iron_shovel", "rotation": 270 },
				"east": { "uv": [ 14, 2, 11, 3 ], "texture": "#iron_shovel", "rotation": 90 }
			}
		},
		{
			"__comment": "Cube14",
			"from": [ 7, 11, 7 ],
			"to": [ 8, 12, 8 ],
			"faces": {
				"down": { "uv": [ 12, 9, 11, 8 ], "texture": "#iron_shovel", "rotation": 270 },
				"up": { "uv": [ 12, 9, 11, 8 ], "texture": "#iron_shovel", "rotation": 270 },
				"north": { "uv": [ 12, 9, 11, 8 ], "texture": "#iron_shovel", "rotation": 90 },
				"south": { "uv": [ 11, 9, 12, 8 ], "texture": "#iron_shovel", "rotation": 270 },
				"west": { "uv": [ 11, 8, 12, 9 ], "texture": "#iron_shovel", "rotation": 270 },
				"east": { "uv": [ 12, 8, 11, 9 ], "texture": "#iron_shovel", "rotation": 90 }
			}
		}
	],
	"display": {
		"thirdperson_righthand": {
			"rotation":  [ 0, -90, 55 ],
			"translation":  [ 0, 3.304, 1.8919 ],
			"scale":  [ 0.85, 0.85, 0.85 ]
		},
		"thirdperson_lefthand": {
			"rotation":  [ 90, -90, 55 ],
			"translation":  [ 0, 3.3043, 0.1956 ],
			"scale":  [ 0.85, 0.85, 0.85 ]
		},
		"firstperson_righthand": {
			"rotation":  [ 0, -90, 25 ],
			"translation":  [ 1.13, 3.2, 1.13 ],
			"scale":  [ 0.68, 0.68, 0.68 ]
		},
		"firstperson_lefthand": {
			"rotation":  [ 0, 90, -25 ],
			"translation":  [ 1.13, 3.2, 1.13 ],
			"scale":  [ 0.68, 0.68, 0.68 ]
		},
		"gui": {
			"translation":  [ 1, -1, 0 ]
		},
		"ground": {
			"translation":  [ 0, 2, 0 ],
			"scale":  [ 0.5, 0.5, 0.5 ]
		}
	}
}