{
    "variants": {
        "axis=y":[
			{"model": "oak_log", "weight": 5},
			{"model": "oak_log2", "weight": 1},
			{"model": "oak_log3", "weight": 1},
			{"model": "oak_log4", "weight": 1},
			{"model": "oak_log5", "weight": 1},
			{"model": "oak_log6", "weight": 1},
			{"model": "oak_log7", "weight": 1},
			{"model": "oak_log8", "weight": 1}
		],
        "axis=z":     { "model": "oak_log", "x": 90 },
        "axis=x":     { "model": "oak_log", "x": 90, "y": 90 },
        "axis=none":   { "model": "oak_bark" }

    }
}
