{
    "variants": {
        "normal": [
            { "model": "waterlily", "weight": 15},
			{ "model": "waterlily", "y": 90 , "weight": 15},
			{ "model": "waterlily", "y": 180 , "weight": 15},
			{ "model": "waterlily", "y": 270 , "weight": 15},
			
            { "model": "waterlily_flower", "weight": 10 },
			{ "model": "waterlily_flower", "y": 90 , "weight": 10 },
			{ "model": "waterlily_flower", "y": 180 , "weight": 10 },
			{ "model": "waterlily_flower", "y": 270 , "weight": 10 }
        ]
    }
}
