{
   "parent":"item/handheld",
   "textures":{
      "layer0":"items/diamond_pickaxe"
   },
   "overrides":[
      {
         "predicate":{
            "damage":0.0006406149903907751
         },
         "model":"item/vanilla/shears"
      },
      {
         "predicate":{
            "damage":0.0012812299807815502
         },
         "model":"item/vanilla/iron_shovel"
      },
      {
         "predicate":{
            "damage":0.0019218449711723253
         },
         "model":"item/vanilla/stick"
      },
      {
         "predicate":{
            "damage":0.0025624599615631004
         },
         "model":"item/vanilla/shears"
      },
      {
         "predicate":{
            "damage":0.0032030749519538755
         },
         "model":"item/vanilla/iron_shovel"
      },
      {
         "predicate":{
            "damage":0.0038436899423446506
         },
         "model":"item/vanilla/stick"
      },
      {
         "predicate":{
            "damage":0.0044843049327354257
         },
         "model":"item/vanilla/shears"
      },
      {
         "predicate":{
            "damage":0.0051249199231262008
         },
         "model":"item/vanilla/bow"
      },
      {
         "predicate":{
            "damage":0.0057655349135169759
         },
         "model":"item/vanilla/bow"
      },
      {
         "predicate":{
            "damage":0.006406149903907751
         },
         "model":"item/vanilla/shears"
      },
      {
         "predicate":{
            "damage":0.007046764894298520
         },
         "model":"item/vanilla/iron_shovel"
      },
      {
         "predicate":{
            "damage":0.00768737988468931
         },
         "model":"item/vanilla/stick"
      },
      {
         "predicate":{
            "damage":0.008327994875080071
         },
         "model":"item/vanilla/shears"
      },
      {
         "predicate":{
            "damage":0.008968609865470851
         },
         "model":"item/vanilla/bow"
     }
   ]
}
