{
   "parent":"item/handheld",
   "textures":{
      "layer0":"items/diamond_shovel"
   },
   "overrides":[
      {
         "predicate":{
            "damage":0.00064020486
         },
         "model":"item/vanilla/stick"
      },
      {
         "predicate":{
            "damage":0.00128040973
         },
         "model":"item/vanilla/iron_shovel"
      },
      {
         "predicate":{
            "damage":0.0019206146
         },
         "model":"item/vanilla/shears"
      },
      {
         "predicate":{
            "damage":0.00256081946
         },
         "model":"item/vanilla/bow"
      },
      {
         "predicate":{
            "damage":0.00320102433
         },
         "model":"item/vanilla/shears"
      },
      {
         "predicate":{
            "damage":0.00384122919
         },
         "model":"item/vanilla/iron_shovel"
      },
      {
         "predicate":{
            "damage":0.00448143406
         },
         "model":"item/vanilla/stick"
      },
      {
         "predicate":{
            "damage":0.00512163892
         },
         "model":"item/vanilla/bow"
      },
      {
         "predicate":{
            "damage":0.00576184379
         },
         "model":"item/vanilla/stick"
      },
      {
         "predicate":{
            "damage":0.00640204866
         },
         "model":"item/vanilla/shears"
      },
      {
         "predicate":{
            "damage":0.00704225352
         },
         "model":"item/vanilla/iron_shovel"
      },
      {
         "predicate":{
            "damage":0.00768245839
         },
         "model":"item/vanilla/bow"
      },
      {
         "predicate":{
            "damage":0.00832266325
         },
         "model":"item/vanilla/shears"
      },
      {
         "predicate":{
            "damage":0.00896286812
         },
         "model":"item/vanilla/iron_shovel"
      },
      {
         "predicate":{
            "damage":0.00960307298
         },
         "model":"item/vanilla/stick"
      },
      {
         "predicate":{
            "damage":0.0102432778
         },
         "model":"item/vanilla/bow"
      },
      {
         "predicate":{
            "damage":0.0108834827
         },
         "model":"item/vanilla/shears"
      },
      {
         "predicate":{
            "damage":0.0115236876
         },
         "model":"item/vanilla/stick"
      },
      {
         "predicate":{
            "damage":0.0121638924
         },
         "model":"item/vanilla/stick"
      },
      {
         "predicate":{
            "damage":0.0128040973
         },
         "model":"item/vanilla/bow"
      },
      {
         "predicate":{
            "damage":0.0134443022
         },
         "model":"item/vanilla/bow"
      },
      {
         "predicate":{
            "damage":0.014084507
         },
         "model":"item/vanilla/stick"
      },
      {
         "predicate":{
            "damage":0.0147247119
         },
         "model":"item/vanilla/iron_shovel"
      },
      {
         "predicate":{
            "damage":0.0153649168
         },
         "model":"item/vanilla/shears"
      },
      {
         "predicate":{
            "damage":0.01600512166
         },
         "model":"item/wynn/pan"
      }
   ]
}
