{
    "__createdwith": "opl's Model Creator",
    "ambientocclusion": false,
    "textures": {
        "wings": "wynn/wings"
    },
    "elements": [
        {
            "from": [7,-2,10],
            "to": [7,14,26],
			"rotation": { "origin": [ 7, 0, 10 ], "axis": "y", "angle": -45, "rescale": false },
            "faces": {
                "west": {
                    "uv": [16,0,0,16],
                    "texture": "#wings"
                },
                "east": {
                    "uv": [0,0,16,16],
                    "texture": "#wings"
                }
            }
        },
        {
            "from": [9,-2,10],
            "to": [9,14,26],
			"rotation": { "origin": [ 9, 0, 10 ], "axis": "y", "angle": 45, "rescale": false },
            "faces": {
                "west": {
                    "uv": [16,0,0,16],
                    "texture": "#wings"
                },
                "east": {
                    "uv": [0,0,16,16],
                    "texture": "#wings"
                }
            }
        }
    ],
	"display": {
        "thirdperson": {
            "rotation": [ 92, 180, -3.5 ],
            "translation": [ 3, -1.8, 0 ],
            "scale": [ 2.5, 2.5, 2.5]
        },
		"head": {
            "rotation": [ 0, 0, 0 ],
            "translation": [ 0, -4, -1.5 ],
            "scale": [ 3, 3, 3 ]
        }
    }
}