{
	"__comment": "Designed by Gasplund with Cubik Studio - https://cubik.studio",
	"textures": {
		"bow_standby": "items/bow_standby"
	},
	"elements": [
		{
			"__comment": "Cube73",
			"from": [ 1, 1, 8 ],
			"to": [ 4, 5, 9 ],
			"faces": {
				"down": { "uv": [ 1, 14, 4, 15 ], "texture": "#bow_standby" },
				"up": { "uv": [ 1, 12, 4, 11 ], "texture": "#bow_standby" },
				"north": { "uv": [ 1, 15, 4, 11 ], "texture": "#bow_standby", "rotation": 180 },
				"south": { "uv": [ 4, 15, 1, 11 ], "texture": "#bow_standby", "rotation": 180 },
				"west": { "uv": [ 2, 15, 1, 11 ], "texture": "#bow_standby", "rotation": 180 },
				"east": { "uv": [ 3, 11, 4, 15 ], "texture": "#bow_standby" }
			}
		},
		{
			"__comment": "Cube74",
			"from": [ 2, 5, 8 ],
			"to": [ 5, 8, 9 ],
			"faces": {
				"down": { "uv": [ 2, 10, 5, 11 ], "texture": "#bow_standby" },
				"up": { "uv": [ 2, 9, 5, 8 ], "texture": "#bow_standby" },
				"north": { "uv": [ 2, 11, 5, 8 ], "texture": "#bow_standby", "rotation": 180 },
				"south": { "uv": [ 5, 11, 2, 8 ], "texture": "#bow_standby", "rotation": 180 },
				"west": { "uv": [ 3, 11, 2, 8 ], "texture": "#bow_standby", "rotation": 180 },
				"east": { "uv": [ 4, 8, 5, 11 ], "texture": "#bow_standby" }
			}
		},
		{
			"__comment": "Cube75",
			"from": [ 2, 0, 8 ],
			"to": [ 3, 1, 9 ],
			"faces": {
				"down": { "uv": [ 2, 15, 3, 16 ], "texture": "#bow_standby" },
				"up": { "uv": [ 2, 16, 3, 15 ], "texture": "#bow_standby" },
				"north": { "uv": [ 2, 16, 3, 15 ], "texture": "#bow_standby", "rotation": 180 },
				"south": { "uv": [ 3, 16, 2, 15 ], "texture": "#bow_standby", "rotation": 180 },
				"west": { "uv": [ 3, 16, 2, 15 ], "texture": "#bow_standby", "rotation": 180 },
				"east": { "uv": [ 2, 15, 3, 16 ], "texture": "#bow_standby" }
			}
		},
		{
			"__comment": "Cube76",
			"from": [ 3, 9, 8 ],
			"to": [ 7, 10, 9 ],
			"faces": {
				"down": { "uv": [ 3, 6, 7, 7 ], "texture": "#bow_standby" },
				"up": { "uv": [ 3, 7, 7, 6 ], "texture": "#bow_standby" },
				"north": { "uv": [ 3, 7, 7, 6 ], "texture": "#bow_standby", "rotation": 180 },
				"south": { "uv": [ 7, 7, 3, 6 ], "texture": "#bow_standby", "rotation": 180 },
				"west": { "uv": [ 4, 7, 3, 6 ], "texture": "#bow_standby", "rotation": 180 },
				"east": { "uv": [ 6, 6, 7, 7 ], "texture": "#bow_standby" }
			}
		},
		{
			"__comment": "Cube77",
			"from": [ 3, 8, 8 ],
			"to": [ 6, 9, 9 ],
			"faces": {
				"down": { "uv": [ 3, 7, 6, 8 ], "texture": "#bow_standby" },
				"up": { "uv": [ 3, 8, 6, 7 ], "texture": "#bow_standby" },
				"north": { "uv": [ 3, 8, 6, 7 ], "texture": "#bow_standby", "rotation": 180 },
				"south": { "uv": [ 6, 8, 3, 7 ], "texture": "#bow_standby", "rotation": 180 },
				"west": { "uv": [ 4, 8, 3, 7 ], "texture": "#bow_standby", "rotation": 180 },
				"east": { "uv": [ 5, 7, 6, 8 ], "texture": "#bow_standby" }
			}
		},
		{
			"__comment": "Cube78",
			"from": [ 4, 10, 8 ],
			"to": [ 8, 11, 9 ],
			"faces": {
				"down": { "uv": [ 4, 5, 8, 6 ], "texture": "#bow_standby" },
				"up": { "uv": [ 4, 6, 8, 5 ], "texture": "#bow_standby" },
				"north": { "uv": [ 4, 6, 8, 5 ], "texture": "#bow_standby", "rotation": 180 },
				"south": { "uv": [ 8, 6, 4, 5 ], "texture": "#bow_standby", "rotation": 180 },
				"west": { "uv": [ 5, 6, 4, 5 ], "texture": "#bow_standby", "rotation": 180 },
				"east": { "uv": [ 7, 5, 8, 6 ], "texture": "#bow_standby" }
			}
		},
		{
			"__comment": "Cube79",
			"from": [ 4, 2, 8 ],
			"to": [ 5, 3, 9 ],
			"faces": {
				"down": { "uv": [ 4, 13, 5, 14 ], "texture": "#bow_standby" },
				"up": { "uv": [ 4, 14, 5, 13 ], "texture": "#bow_standby" },
				"north": { "uv": [ 4, 14, 5, 13 ], "texture": "#bow_standby", "rotation": 180 },
				"south": { "uv": [ 5, 14, 4, 13 ], "texture": "#bow_standby", "rotation": 180 },
				"west": { "uv": [ 5, 14, 4, 13 ], "texture": "#bow_standby", "rotation": 180 },
				"east": { "uv": [ 4, 13, 5, 14 ], "texture": "#bow_standby" }
			}
		},
		{
			"__comment": "Cube80",
			"from": [ 5, 11, 8 ],
			"to": [ 11, 12, 9 ],
			"faces": {
				"down": { "uv": [ 5, 4, 11, 5 ], "texture": "#bow_standby" },
				"up": { "uv": [ 5, 5, 11, 4 ], "texture": "#bow_standby" },
				"north": { "uv": [ 5, 5, 11, 4 ], "texture": "#bow_standby", "rotation": 180 },
				"south": { "uv": [ 11, 5, 5, 4 ], "texture": "#bow_standby", "rotation": 180 },
				"west": { "uv": [ 6, 5, 5, 4 ], "texture": "#bow_standby", "rotation": 180 },
				"east": { "uv": [ 10, 4, 11, 5 ], "texture": "#bow_standby" }
			}
		},
		{
			"__comment": "Cube81",
			"from": [ 5, 3, 8 ],
			"to": [ 6, 4, 9 ],
			"faces": {
				"down": { "uv": [ 5, 12, 6, 13 ], "texture": "#bow_standby" },
				"up": { "uv": [ 5, 13, 6, 12 ], "texture": "#bow_standby" },
				"north": { "uv": [ 5, 13, 6, 12 ], "texture": "#bow_standby", "rotation": 180 },
				"south": { "uv": [ 6, 13, 5, 12 ], "texture": "#bow_standby", "rotation": 180 },
				"west": { "uv": [ 6, 13, 5, 12 ], "texture": "#bow_standby", "rotation": 180 },
				"east": { "uv": [ 5, 12, 6, 13 ], "texture": "#bow_standby" }
			}
		},
		{
			"__comment": "Cube82",
			"from": [ 6, 12, 8 ],
			"to": [ 15, 13, 9 ],
			"faces": {
				"down": { "uv": [ 6, 3, 15, 4 ], "texture": "#bow_standby" },
				"up": { "uv": [ 6, 4, 15, 3 ], "texture": "#bow_standby" },
				"north": { "uv": [ 6, 4, 15, 3 ], "texture": "#bow_standby", "rotation": 180 },
				"south": { "uv": [ 15, 4, 6, 3 ], "texture": "#bow_standby", "rotation": 180 },
				"west": { "uv": [ 7, 4, 6, 3 ], "texture": "#bow_standby", "rotation": 180 },
				"east": { "uv": [ 14, 3, 15, 4 ], "texture": "#bow_standby" }
			}
		},
		{
			"__comment": "Cube83",
			"from": [ 6, 4, 8 ],
			"to": [ 7, 5, 9 ],
			"faces": {
				"down": { "uv": [ 6, 11, 7, 12 ], "texture": "#bow_standby" },
				"up": { "uv": [ 6, 12, 7, 11 ], "texture": "#bow_standby" },
				"north": { "uv": [ 6, 12, 7, 11 ], "texture": "#bow_standby", "rotation": 180 },
				"south": { "uv": [ 7, 12, 6, 11 ], "texture": "#bow_standby", "rotation": 180 },
				"west": { "uv": [ 7, 12, 6, 11 ], "texture": "#bow_standby", "rotation": 180 },
				"east": { "uv": [ 6, 11, 7, 12 ], "texture": "#bow_standby" }
			}
		},
		{
			"__comment": "Cube84",
			"from": [ 7, 5, 8 ],
			"to": [ 8, 6, 9 ],
			"faces": {
				"down": { "uv": [ 7, 10, 8, 11 ], "texture": "#bow_standby" },
				"up": { "uv": [ 7, 11, 8, 10 ], "texture": "#bow_standby" },
				"north": { "uv": [ 7, 11, 8, 10 ], "texture": "#bow_standby", "rotation": 180 },
				"south": { "uv": [ 8, 11, 7, 10 ], "texture": "#bow_standby", "rotation": 180 },
				"west": { "uv": [ 8, 11, 7, 10 ], "texture": "#bow_standby", "rotation": 180 },
				"east": { "uv": [ 7, 10, 8, 11 ], "texture": "#bow_standby" }
			}
		},
		{
			"__comment": "Cube85",
			"from": [ 8, 13, 8 ],
			"to": [ 16, 14, 9 ],
			"faces": {
				"down": { "uv": [ 8, 2, 16, 3 ], "texture": "#bow_standby" },
				"up": { "uv": [ 8, 3, 16, 2 ], "texture": "#bow_standby" },
				"north": { "uv": [ 8, 3, 16, 2 ], "texture": "#bow_standby", "rotation": 180 },
				"south": { "uv": [ 16, 3, 8, 2 ], "texture": "#bow_standby", "rotation": 180 },
				"west": { "uv": [ 9, 3, 8, 2 ], "texture": "#bow_standby", "rotation": 180 },
				"east": { "uv": [ 15, 2, 16, 3 ], "texture": "#bow_standby" }
			}
		},
		{
			"__comment": "Cube86",
			"from": [ 8, 6, 8 ],
			"to": [ 9, 7, 9 ],
			"faces": {
				"down": { "uv": [ 8, 9, 9, 10 ], "texture": "#bow_standby" },
				"up": { "uv": [ 8, 10, 9, 9 ], "texture": "#bow_standby" },
				"north": { "uv": [ 8, 10, 9, 9 ], "texture": "#bow_standby", "rotation": 180 },
				"south": { "uv": [ 9, 10, 8, 9 ], "texture": "#bow_standby", "rotation": 180 },
				"west": { "uv": [ 9, 10, 8, 9 ], "texture": "#bow_standby", "rotation": 180 },
				"east": { "uv": [ 8, 9, 9, 10 ], "texture": "#bow_standby" }
			}
		},
		{
			"__comment": "Cube87",
			"from": [ 9, 7, 8 ],
			"to": [ 10, 8, 9 ],
			"faces": {
				"down": { "uv": [ 9, 8, 10, 9 ], "texture": "#bow_standby" },
				"up": { "uv": [ 9, 9, 10, 8 ], "texture": "#bow_standby" },
				"north": { "uv": [ 9, 9, 10, 8 ], "texture": "#bow_standby", "rotation": 180 },
				"south": { "uv": [ 10, 9, 9, 8 ], "texture": "#bow_standby", "rotation": 180 },
				"west": { "uv": [ 10, 9, 9, 8 ], "texture": "#bow_standby", "rotation": 180 },
				"east": { "uv": [ 9, 8, 10, 9 ], "texture": "#bow_standby" }
			}
		},
		{
			"__comment": "Cube88",
			"from": [ 10, 8, 8 ],
			"to": [ 11, 9, 9 ],
			"faces": {
				"down": { "uv": [ 10, 7, 11, 8 ], "texture": "#bow_standby" },
				"up": { "uv": [ 10, 8, 11, 7 ], "texture": "#bow_standby" },
				"north": { "uv": [ 10, 8, 11, 7 ], "texture": "#bow_standby", "rotation": 180 },
				"south": { "uv": [ 11, 8, 10, 7 ], "texture": "#bow_standby", "rotation": 180 },
				"west": { "uv": [ 11, 8, 10, 7 ], "texture": "#bow_standby", "rotation": 180 },
				"east": { "uv": [ 10, 7, 11, 8 ], "texture": "#bow_standby" }
			}
		},
		{
			"__comment": "Cube89",
			"from": [ 11, 14, 8 ],
			"to": [ 15, 15, 9 ],
			"faces": {
				"down": { "uv": [ 11, 1, 15, 2 ], "texture": "#bow_standby" },
				"up": { "uv": [ 11, 2, 15, 1 ], "texture": "#bow_standby" },
				"north": { "uv": [ 11, 2, 15, 1 ], "texture": "#bow_standby", "rotation": 180 },
				"south": { "uv": [ 15, 2, 11, 1 ], "texture": "#bow_standby", "rotation": 180 },
				"west": { "uv": [ 12, 2, 11, 1 ], "texture": "#bow_standby", "rotation": 180 },
				"east": { "uv": [ 14, 1, 15, 2 ], "texture": "#bow_standby" }
			}
		},
		{
			"__comment": "Cube90",
			"from": [ 11, 9, 8 ],
			"to": [ 12, 10, 9 ],
			"faces": {
				"down": { "uv": [ 11, 6, 12, 7 ], "texture": "#bow_standby" },
				"up": { "uv": [ 11, 7, 12, 6 ], "texture": "#bow_standby" },
				"north": { "uv": [ 11, 7, 12, 6 ], "texture": "#bow_standby", "rotation": 180 },
				"south": { "uv": [ 12, 7, 11, 6 ], "texture": "#bow_standby", "rotation": 180 },
				"west": { "uv": [ 12, 7, 11, 6 ], "texture": "#bow_standby", "rotation": 180 },
				"east": { "uv": [ 11, 6, 12, 7 ], "texture": "#bow_standby" }
			}
		},
		{
			"__comment": "Cube91",
			"from": [ 12, 10, 8 ],
			"to": [ 13, 11, 9 ],
			"faces": {
				"down": { "uv": [ 12, 5, 13, 6 ], "texture": "#bow_standby" },
				"up": { "uv": [ 12, 6, 13, 5 ], "texture": "#bow_standby" },
				"north": { "uv": [ 12, 6, 13, 5 ], "texture": "#bow_standby", "rotation": 180 },
				"south": { "uv": [ 13, 6, 12, 5 ], "texture": "#bow_standby", "rotation": 180 },
				"west": { "uv": [ 13, 6, 12, 5 ], "texture": "#bow_standby", "rotation": 180 },
				"east": { "uv": [ 12, 5, 13, 6 ], "texture": "#bow_standby" }
			}
		},
		{
			"__comment": "Cube92",
			"from": [ 13, 11, 8 ],
			"to": [ 14, 12, 9 ],
			"faces": {
				"down": { "uv": [ 13, 4, 14, 5 ], "texture": "#bow_standby" },
				"up": { "uv": [ 13, 5, 14, 4 ], "texture": "#bow_standby" },
				"north": { "uv": [ 13, 5, 14, 4 ], "texture": "#bow_standby", "rotation": 180 },
				"south": { "uv": [ 14, 5, 13, 4 ], "texture": "#bow_standby", "rotation": 180 },
				"west": { "uv": [ 14, 5, 13, 4 ], "texture": "#bow_standby", "rotation": 180 },
				"east": { "uv": [ 13, 4, 14, 5 ], "texture": "#bow_standby" }
			}
		}
	],
	"display": {
		"thirdperson_righthand": {
			"rotation":  [ 0, -90, 40 ],
			"translation":  [ 0, -2.25, 0.5 ],
			"scale":  [ 0.85, 0.85, 0.85 ]
		},
		"thirdperson_lefthand": {
			"rotation":  [ 0, -90, 125 ],
			"translation":  [ 0, -2.25, 0.5 ],
			"scale":  [ 0.85, 0.85, 0.85 ]
		},
		"firstperson_righthand": {
			"rotation":  [ 0, -90, 25 ],
			"translation":  [ 1.13, 3.2, 1.13 ],
			"scale":  [ 0.68, 0.68, 0.68 ]
		},
		"firstperson_lefthand": {
			"rotation":  [ 0, 90, -25 ],
			"translation":  [ 1.13, 3.2, 1.13 ],
			"scale":  [ 0.68, 0.68, 0.68 ]
		},
		"ground": {
			"translation":  [ 0, 2, 0 ],
			"scale":  [ 0.5, 0.5, 0.5 ]
		}
	}
}