{
    "__createdwith": "opl's Model Creator",
    "ambientocclusion": true,
    "textures": {
        "side": "blocks/cauldron_side",
        "top": "blocks/cauldron_top",
        "bottom": "blocks/cauldron_bottom",
        "particle": "blocks/cauldron_side",
        "inside": "blocks/cauldron_inner",
        "water": "blocks/water_still"
    },
    "elements": [
        {
            "from": [0,0,0],
            "to": [2,16,16],
            "faces": {
                "up": {
                    "texture": "#top",
                    "cullface": "up"
                },
                "down": {
                    "texture": "#bottom",
                    "cullface": "down"
                },
                "west": {
                    "texture": "#side",
                    "cullface": "west"
                },
                "east": {
                    "texture": "#side"
                },
                "north": {
                    "uv": [2,0,0,16],
                    "texture": "#side",
                    "cullface": "north"
                },
                "south": {
                    "texture": "#side",
                    "cullface": "south"
                }
            }
        },
        {
            "from": [2,0,2],
            "to": [14,1,14],
            "faces": {
                "up": {
                    "texture": "#inside",
                    "cullface": "up"
                },
                "down": {
                    "texture": "#bottom",
                    "cullface": "down"
                }
            }
        },
        {
            "from": [14,0,0],
            "to": [16,16,16],
            "faces": {
                "up": {
                    "texture": "#top",
                    "cullface": "up"
                },
                "down": {
                    "texture": "#bottom",
                    "cullface": "down"
                },
                "west": {
                    "texture": "#side"
                },
                "east": {
                    "texture": "#side",
                    "cullface": "east"
                },
                "north": {
                    "uv": [16,0,14,16],
                    "texture": "#side",
                    "cullface": "north"
                },
                "south": {
                    "texture": "#side",
                    "cullface": "south"
                }
            }
        },
        {
            "from": [2,0,0],
            "to": [14,16,2],
            "faces": {
                "up": {
                    "texture": "#top",
                    "cullface": "up"
                },
                "down": {
                    "texture": "#bottom",
                    "cullface": "down"
                },
                "west": {
                    "texture": "#side",
                    "cullface": "west"
                },
                "east": {
                    "texture": "#side",
                    "cullface": "east"
                },
                "north": {
                    "texture": "#side",
                    "cullface": "north"
                },
                "south": {
                    "texture": "#side"
                }
            }
        },
        {
            "from": [2,0,14],
            "to": [14,16,16],
            "faces": {
                "up": {
                    "texture": "#top",
                    "cullface": "up"
                },
                "down": {
                    "texture": "#bottom",
                    "cullface": "down"
                },
                "west": {
                    "texture": "#side",
                    "cullface": "west"
                },
                "east": {
                    "texture": "#side",
                    "cullface": "east"
                },
                "north": {
                    "texture": "#side"
                },
                "south": {
                    "texture": "#side",
                    "cullface": "south"
                }
            }
        },
        {
            "from": [2,1,2],
            "to": [14,10,14],
            "faces": {
                "up": {
                    "texture": "#water"
                }
            }
        }
    ]
}