{
    "__createdwith": "opl's Model Creator",
    "ambientocclusion": false,
    "textures": {
        "texture": "items/aws/default_spear1"
    },
    "elements": [
        {
            "from": [6.5,16,7.5],
            "to": [9.5,18,8.5],
            "faces": {
                "west": {
                    "uv": [1,14,2,16],
                    "texture": "#texture"
                },
                "east": {
                    "uv": [3,14,4,16],
                    "texture": "#texture"
                },
                "north": {
                    "uv": [4,14,1,16],
                    "texture": "#texture"
                },
                "south": {
                    "uv": [1,14,4,16],
                    "texture": "#texture"
                }
            }
        },
        {
            "from": [5.5,18,7.5],
            "to": [9.5,20,8.5],
            "faces": {
                "down": {
                    "uv": [0,13,4,14],
                    "texture": "#texture"
                },
                "west": {
                    "uv": [0,12,1,14],
                    "texture": "#texture"
                },
                "east": {
                    "uv": [3,12,4,14],
                    "texture": "#texture"
                },
                "north": {
                    "uv": [4,12,0,14],
                    "texture": "#texture"
                },
                "south": {
                    "uv": [0,12,4,14],
                    "texture": "#texture"
                }
            }
        },
        {
            "from": [5.5,20,7.5],
            "to": [10.5,24,8.5],
            "faces": {
                "up": {
                    "uv": [0,8,5,9],
                    "texture": "#texture"
                },
                "down": {
                    "uv": [0,11,5,12],
                    "texture": "#texture"
                },
                "west": {
                    "uv": [0,8,1,12],
                    "texture": "#texture"
                },
                "east": {
                    "uv": [4,8,5,12],
                    "texture": "#texture"
                },
                "north": {
                    "uv": [5,8,0,12],
                    "texture": "#texture"
                },
                "south": {
                    "uv": [0,8,5,12],
                    "texture": "#texture"
                }
            }
        },
        {
            "from": [6.5,24,7.5],
            "to": [10.5,26,8.5],
            "faces": {
                "west": {
                    "uv": [1,6,2,8],
                    "texture": "#texture"
                },
                "east": {
                    "uv": [4,6,5,8],
                    "texture": "#texture"
                },
                "north": {
                    "uv": [5,6,1,8],
                    "texture": "#texture"
                },
                "south": {
                    "uv": [1,6,5,8],
                    "texture": "#texture"
                }
            }
        },
        {
            "from": [6.5,26,7.5],
            "to": [11.5,27,8.5],
            "faces": {
                "up": {
                    "uv": [1,5,6,6],
                    "texture": "#texture"
                },
                "down": {
                    "uv": [1,5,6,6],
                    "texture": "#texture"
                },
                "west": {
                    "uv": [1,5,2,6],
                    "texture": "#texture"
                },
                "east": {
                    "uv": [5,5,6,6],
                    "texture": "#texture"
                },
                "north": {
                    "uv": [6,5,1,6],
                    "texture": "#texture"
                },
                "south": {
                    "uv": [1,5,6,6],
                    "texture": "#texture"
                }
            }
        },
        {
            "from": [7.5,27,7.5],
            "to": [11.5,29,8.5],
            "faces": {
                "up": {
                    "uv": [2,3,6,4],
                    "texture": "#texture"
                },
                "west": {
                    "uv": [2,3,3,5],
                    "texture": "#texture"
                },
                "east": {
                    "uv": [5,3,6,5],
                    "texture": "#texture"
                },
                "north": {
                    "uv": [6,3,2,5],
                    "texture": "#texture"
                },
                "south": {
                    "uv": [2,3,6,5],
                    "texture": "#texture"
                }
            }
        },
        {
            "from": [8.5,29,7.75],
            "to": [12.5,30,8.25],
            "faces": {
                "up": {
                    "uv": [3,2,7,3],
                    "texture": "#texture"
                },
                "down": {
                    "uv": [3,2,7,3],
                    "texture": "#texture"
                },
                "west": {
                    "uv": [3,2,4,3],
                    "texture": "#texture"
                },
                "east": {
                    "uv": [6,2,7,3],
                    "texture": "#texture"
                },
                "north": {
                    "uv": [7,2,3,3],
                    "texture": "#texture"
                },
                "south": {
                    "uv": [3,2,7,3],
                    "texture": "#texture"
                }
            }
        },
        {
            "from": [9.5,30,7.75],
            "to": [12.5,31,8.25],
            "faces": {
                "up": {
                    "uv": [4,1,7,2],
                    "texture": "#texture"
                },
                "west": {
                    "uv": [4,1,5,2],
                    "texture": "#texture"
                },
                "east": {
                    "uv": [6,1,7,2],
                    "texture": "#texture"
                },
                "north": {
                    "uv": [7,1,4,2],
                    "texture": "#texture"
                },
                "south": {
                    "uv": [4,1,7,2],
                    "texture": "#texture"
                }
            }
        },
        {
            "from": [10.5,31,7.75],
            "to": [12.5,32,8.25],
            "faces": {
                "up": {
                    "uv": [5,0,7,1],
                    "texture": "#texture"
                },
                "west": {
                    "uv": [5,0,6,1],
                    "texture": "#texture"
                },
                "east": {
                    "uv": [6,0,7,1],
                    "texture": "#texture"
                },
                "north": {
                    "uv": [7,0,5,1],
                    "texture": "#texture"
                },
                "south": {
                    "uv": [5,0,7,1],
                    "texture": "#texture"
                }
            }
        },
        {
            "from": [7.5,20,6.75],
            "to": [9.5,26,9.25],
            "faces": {
                "up": {
                    "uv": [2,6,4,7],
                    "texture": "#texture"
                },
                "down": {
                    "uv": [2,11,4,12],
                    "texture": "#texture"
                },
                "west": {
                    "uv": [2,6,3,12],
                    "texture": "#texture"
                },
                "east": {
                    "uv": [3,6,4,12],
                    "texture": "#texture"
                },
                "north": {
                    "uv": [4,6,2,12],
                    "texture": "#texture"
                },
                "south": {
                    "uv": [2,6,4,12],
                    "texture": "#texture"
                }
            }
        },
        {
            "from": [7.5,16,7],
            "to": [8.5,20,9],
            "faces": {
                "west": {
                    "uv": [2,11,3,15],
                    "texture": "#texture"
                },
                "east": {
                    "uv": [2,12,3,16],
                    "texture": "#texture"
                },
                "north": {
                    "uv": [3,12,2,16],
                    "texture": "#texture"
                },
                "south": {
                    "uv": [2,12,3,16],
                    "texture": "#texture"
                }
            }
        },
        {
            "from": [8.5,26,7],
            "to": [10.5,28,9],
            "faces": {
                "up": {
                    "uv": [3,4,5,5],
                    "texture": "#texture"
                },
                "down": {
                    "uv": [3,5,5,6],
                    "texture": "#texture"
                },
                "west": {
                    "uv": [3,4,4,6],
                    "texture": "#texture"
                },
                "east": {
                    "uv": [4,4,5,6],
                    "texture": "#texture"
                },
                "north": {
                    "uv": [5,4,3,6],
                    "texture": "#texture"
                },
                "south": {
                    "uv": [3,4,5,6],
                    "texture": "#texture"
                }
            }
        },
        {
            "from": [9.5,28,7.25],
            "to": [11.5,30,8.75],
            "faces": {
                "up": {
                    "uv": [4,2,6,3],
                    "texture": "#texture"
                },
                "down": {
                    "uv": [4,3,6,4],
                    "texture": "#texture"
                },
                "west": {
                    "uv": [4,2,5,4],
                    "texture": "#texture"
                },
                "east": {
                    "uv": [5,2,6,4],
                    "texture": "#texture"
                },
                "north": {
                    "uv": [6,2,4,4],
                    "texture": "#texture"
                },
                "south": {
                    "uv": [4,2,6,4],
                    "texture": "#texture"
                }
            }
        },
        {
            "from": [6.5,19,7],
            "to": [7.5,23,9],
            "faces": {
                "up": {
                    "uv": [1,9,2,10],
                    "texture": "#texture"
                },
                "down": {
                    "uv": [1,12,2,13],
                    "texture": "#texture"
                },
                "west": {
                    "uv": [1,9,2,13],
                    "texture": "#texture"
                },
                "north": {
                    "uv": [2,9,1,13],
                    "texture": "#texture"
                },
                "south": {
                    "uv": [1,9,2,13],
                    "texture": "#texture"
                }
            }
        },
        {
            "from": [6,15,7],
            "to": [10,16,9],
            "faces": {
                "up": {
                    "uv": [7,7,11,9],
                    "texture": "#texture"
                },
                "west": {
                    "uv": [8,11,10,12],
                    "texture": "#texture"
                },
                "east": {
                    "uv": [8,11,10,12],
                    "texture": "#texture"
                },
                "north": {
                    "uv": [7,11,11,12],
                    "texture": "#texture"
                },
                "south": {
                    "uv": [7,11,11,12],
                    "texture": "#texture"
                }
            }
        },
        {
            "from": [5,14,5],
            "to": [11,15,11],
            "faces": {
                "up": {
                    "uv": [6,5,12,11],
                    "texture": "#texture"
                },
                "down": {
                    "uv": [6,5,12,11],
                    "texture": "#texture"
                },
                "west": {
                    "uv": [7,10,11,11],
                    "texture": "#texture"
                },
                "east": {
                    "uv": [7,10,11,11],
                    "texture": "#texture"
                },
                "north": {
                    "uv": [12,12,6,13],
                    "texture": "#texture"
                },
                "south": {
                    "uv": [6,12,12,13],
                    "texture": "#texture"
                }
            }
        },
        {
            "from": [7,11,7],
            "to": [9,14,9],
            "faces": {
                "west": {
                    "uv": [8,13,9,16],
                    "texture": "#texture"
                },
                "east": {
                    "uv": [9,13,10,16],
                    "texture": "#texture"
                },
                "north": {
                    "uv": [10,13,8,16],
                    "texture": "#texture"
                },
                "south": {
                    "uv": [8,13,10,16],
                    "texture": "#texture"
                }
            }
        },
        {
            "from": [9,11,7.5],
            "to": [11,12,8.5],
            "faces": {
                "up": {
                    "uv": [10,15,12,16],
                    "texture": "#texture"
                },
                "down": {
                    "uv": [10,15,12,16],
                    "texture": "#texture"
                },
                "east": {
                    "uv": [11,15,12,16],
                    "texture": "#texture"
                },
                "north": {
                    "uv": [12,15,10,16],
                    "texture": "#texture"
                },
                "south": {
                    "uv": [10,15,12,16],
                    "texture": "#texture"
                }
            }
        },
        {
            "from": [10,12,7.5],
            "to": [11,14,8.5],
            "faces": {
                "west": {
                    "uv": [11,13,12,15],
                    "texture": "#texture"
                },
                "east": {
                    "uv": [11,13,12,15],
                    "texture": "#texture"
                },
                "north": {
                    "uv": [11,13,12,15],
                    "texture": "#texture"
                },
                "south": {
                    "uv": [11,13,12,15],
                    "texture": "#texture"
                }
            }
        },
        {
            "from": [7,-13,7],
            "to": [9,3,9],
            "faces": {
                "west": {
                    "uv": [13,0,15,16],
                    "texture": "#texture"
                },
                "east": {
                    "uv": [13,0,15,16],
                    "texture": "#texture"
                },
                "north": {
                    "uv": [13,0,15,16],
                    "texture": "#texture"
                },
                "south": {
                    "uv": [13,0,15,16],
                    "texture": "#texture"
                }
            }
        },
        {
            "from": [6.5,-16,7],
            "to": [9.5,-13,9],
            "faces": {
                "up": {
                    "uv": [13,13,15,16],
                    "texture": "#texture",
                    "rotation": 90
                },
                "down": {
                    "uv": [13,13,15,16],
                    "texture": "#texture",
                    "rotation": 90
                },
                "west": {
                    "uv": [13,13,15,16],
                    "texture": "#texture"
                },
                "east": {
                    "uv": [13,13,15,16],
                    "texture": "#texture"
                },
                "north": {
                    "uv": [13,13,15,16],
                    "texture": "#texture"
                },
                "south": {
                    "uv": [13,13,15,16],
                    "texture": "#texture"
                }
            }
        },
        {
            "from": [7,3,7],
            "to": [9,11,9],
            "faces": {
                "west": {
                    "uv": [13,1,15,9],
                    "texture": "#texture"
                },
                "east": {
                    "uv": [13,1,15,9],
                    "texture": "#texture"
                },
                "north": {
                    "uv": [13,1,15,9],
                    "texture": "#texture"
                },
                "south": {
                    "uv": [13,1,15,9],
                    "texture": "#texture"
                }
            }
        }
    ],
    "display": {
        "thirdperson_righthand": {
            "rotation": [ 0, -85, 0 ],
            "translation": [ 0, 12, 1.51 ],
            "scale": [ 1, 1, 1 ]
        },
        "thirdperson_lefthand": {
            "rotation": [ 0, 85, 0 ],
            "translation": [ 0, 12, 1.51 ],
            "scale": [ 1, 1, 1 ]
        },
        "ground": {
            "rotation": [ 0, 0, 0 ],
            "translation": [ 0, 6, 0 ],
            "scale": [ 0.25, 0.25, 0.25 ]
        },
        "fixed": {
            "rotation": [ 0, 0, 45 ],
            "translation": [ 0, 0, 0 ],
            "scale": [ 0.5, 0.5, 0.5 ]
        },
        "firstperson_righthand": {
            "rotation": [ 0, -95, 60 ],
            "translation": [ 4, 0, -5 ],
            "scale": [ 0.8, 0.8, 0.8 ]
        },
        "firstperson_lefthand": {
            "rotation": [ 0, -95, 60 ],
                "translation": [ 4, 0, -5 ],
            "scale": [ 0.8, 0.8, 0.8 ]
        },
        "gui": {
            "rotation": [ 0, 0, -45 ],
            "translation": [ 0, 0, 0 ],
            "scale": [ 0.5, 0.5, 0.5 ]
        }
    }
}